Sample	1	2	3	4	5	6	7	8	9	10	11	12	13	14	15	16	17	18	19	20	21	22	23	24	25	26	27	28	29	30	31	32	33	34	35	36	37	38	39	40	41	42	43	44	45	46	47	48	49	50
SC_284.raw	0	0.04369110175391879	0.006331689888152896	0	0	0	0	0.0018474210856178756	0	0.026604491316673282	0	0.000032553675517495604	0	0	0	0	0	0	0	0.002677539811314014	0	0.002897277121057109	0.000008138418879373901	0	0.008321533304159814	0	0.028903594650096412	0.0034303435576561	0.024708239717779166	0.00012614549263029548	0.025212821688300347	0.0012533165074235808	0.011694907929660298	0.0003743672684511995	0.015275812236584812	0	0.012289012507854592	0.00014649153982873022	0.031398020036624515	0	0.03421391296888788	0.0002563601947002779	0.0218597931099983	0.001155655480871094	0.004195354932317246	0	0.006819995020915329	0	0.021021535965422788	0.00012614549263029548
SC_286.raw	0	0.029656776736557828	0.00527324873810964	0	0	0	0	0.0038976186325158204	0	0.0086800322155779	0.000025833429213029466	0	0	0	0	0	0	0	0	0.0030935531482602784	0	0.0018406318314283495	0	0	0.0018793819752478936	0.0004359391179698722	0.014327865677276466	0.015881100608709862	0.012932860499772877	0.004963247587553286	0.01577130853455449	0.010191287824540124	0.005715646213382769	0.008444302174009006	0.00853148999760298	0.0027318851392778656	0.00676835845381372	0.007301172931332452	0.016026413648033155	0.003610221732520868	0.017085584245767362	0.008576698498725782	0.01029785072004387	0.009332326303206894	0.000723336017964825	0.0023346961651275378	0.0013724009269421903	0.002925635858375587	0.0077015910841344085	0.008169821988620568
SC_287.raw	0	0.030198267465049885	0.0054493433074833736	0	0	0	0	0.004261937761883884	0	0.008082839178259386	0.000029685138639987245	0	0	0	0	0	0	0	0	0.003375624336775693	0	0.0019040896070506106	0	0	0.001747182445667821	0.00041135120686839466	0.014456662517673791	0.016119030281513076	0.013078423937960097	0.004817473927860787	0.01580097522465607	0.010419483662635525	0.005665620746146138	0.00840089423511639	0.008642616078327716	0.0025995699980445974	0.0065646563735286085	0.007205007221334048	0.016174159824701623	0.0033925872731413995	0.017408213445306808	0.00868926415333341	0.010406761460361243	0.009376263076144543	0.0008099802114625091	0.002353607420741846	0.001255257291062318	0.0029939582685472852	0.007620599162293869	0.0082439870737336
SC_288.raw	0	0.03022589065110781	0.005863191704354245	0	0	0	0	0.00430750128968203	0	0.008255432625029445	0.000047698055166836787	0	0	0	0	0	0	0	0	0.003261813157178301	0	0.001944613018340269	0	0	0.0019519511806736286	0.00045863514583496914	0.014360783686384552	0.01604856102305724	0.012750057054212142	0.004912899682184189	0.015633954851222428	0.010354147052370264	0.005599017860353303	0.008288454355529563	0.008383850465863235	0.0027554799561764947	0.006442906528689647	0.007198737249025675	0.01618064794505771	0.0036067067868461975	0.01723000515872812	0.008618671660530739	0.010273427266703309	0.009341480650366652	0.0008622340741697419	0.002388571839508519	0.0013538909505048289	0.0030416682871775153	0.007646365151360605	0.00815636743352909
SC_290.raw	0.0003986365767159393	0.07780236754931628	0.0015299025376665776	0.00193931307591538	0	0.001982408922046833	0	0	0	0	0	0	0	0	0	0.011140276224980572	0	0	0.0030095265881797933	0.00016160942299294834	0	0	0.00002873056408763526	0	0	0.00001436528204381763	0.00045968902540216415	0.000010773961532863222	0.00003232188459858967	0.00015801810248199392	0.0004884195894897994	0.00033040148700780547	0.0000035913205109544074	0	0.00006823508970813374	0	0.00011492225635054104	0	0	0.000581793922774614	0.00003950452562049848	0.0010235263456220061	0.001587363665841848	0.00014724414094913072	0.004564568369423052	0	0	0	0.003903765395407441	0.0006464376919717934
SC_292.raw	0	0.029585977040459385	0.0054937140981004195	0	0	0	0	0.004577493887386363	0	0.008372232712863475	0.00003607166183913604	0	0	0	0	0	0	0	0	0.003325807221568343	0	0.0019803342349685687	0	0	0.0017927615934050613	0.00036071661839136044	0.013930875802274341	0.015745280392782883	0.012502437993444554	0.004649637211064636	0.01510320481204626	0.00980788485406109	0.005389106278766925	0.007968230100265152	0.008321732386288685	0.0025250163287395227	0.006117753847917473	0.006976259399688911	0.015662315570552872	0.0034195935423500965	0.017144860872141364	0.008213517400771277	0.009948564335233721	0.009050379955439234	0.0008007908928288201	0.002341050853359929	0.0014248306426458738	0.002965090603176983	0.007492084163988556	0.007953801435529498
SC_293.raw	0	0.030472976580305455	0.005326270335396082	0	0	0	0	0.0039003396944239026	0	0.008668819514380867	0.0000503269637990181	0	0	0	0	0	0	0	0	0.00335513091993454	0	0.0020843750840093328	0	0	0.0018075767831147332	0.0004529426741911628	0.013894435922178911	0.015475541368198065	0.012539801813255341	0.004558784137461055	0.015551031813896592	0.009725685754160248	0.005452087744893627	0.008027150725943386	0.008563971673132912	0.002520542103600823	0.006311840043126854	0.006953508831564334	0.015681043137044055	0.003359324833584458	0.0168679206999709	0.008144580308141094	0.009989902314105093	0.008903678678776285	0.0007884557661846168	0.002285682939205405	0.001367215849873325	0.0027973404044954226	0.007414839333055333	0.007897139402795923
SC_294.raw	0	0.0295289066084392	0.0056763973515121385	0	0	0	0	0.004217926138156186	0	0.008401615862853309	0.000027389130767247953	0	0	0	0	0	0	0	0	0.003201104658422105	0	0.0020233720354304427	0	0	0.001841919044097425	0.00045192065765959125	0.014170451530704911	0.01571109013636261	0.012602423794279966	0.004615068534281281	0.01552963714502959	0.009849816152171545	0.005344304140959257	0.007997626184036403	0.008476935972463242	0.002396548942134196	0.00629950007646703	0.006946568290843263	0.015789833887318448	0.0033312030295665324	0.01702576841319051	0.008339990318627002	0.009973067240624162	0.009096615056072227	0.0008696049018601224	0.0023623125286751363	0.0013112546354819958	0.002817656827680633	0.007377947100427417	0.00797366069461506
SC_296.raw	0	0.029746759355021343	0.0052216848244941196	0	0	0	0	0.004331351467322311	0	0.008648265096420216	0.00004331351467322311	0	0	0	0	0	0	0	0	0.0032340757622673255	0	0.0019539207730365094	0	0	0.0021368000572123402	0.00044757298495663885	0.014375274258768604	0.0158623715958826	0.012811175117791103	0.00503399292757682	0.015448486900116243	0.010149800271758616	0.005683695647675167	0.008316194817258838	0.008629014645454338	0.0027576271008618717	0.006578841617588444	0.007276670465101482	0.01618000403681957	0.0037490253256045342	0.017272467129133082	0.00873970473850813	0.010250865139329471	0.009427908360538232	0.0008277693915327084	0.0025314343020128175	0.0014437838224407706	0.0030223208016426795	0.007695367773609307	0.008325820042741777
SC_298.raw	0	0.029344557260389672	0.005520817342876783	0	0	0	0	0.004339983628384132	0	0.008302212395496915	0.00004477094652104842	0	0	0	0	0	0	0	0	0.0033466282524483694	0	0.0019615270944534336	0	0	0.0019139579637748197	0.00047569130678613944	0.014088857233342423	0.015882493278341927	0.012591828709044867	0.004810078566855139	0.015683822203154774	0.010163004860277991	0.005722286602221501	0.008229459607400211	0.008682765440925827	0.0027534132110444776	0.00654775092870333	0.007171745995840443	0.01568102401899721	0.0036292448523624877	0.016889839575065516	0.008425332498429798	0.010171399412750687	0.009155658563554402	0.0008758316413180096	0.002378456533930697	0.0014438630253038114	0.0030248370743283337	0.007689410064990066	0.00808115584704924
SC_301.raw	0	0.043936330242609116	0.0066681697582356685	0	0	0	0	0.0019298644457956832	0	0.02819329206902682	0	0.00003003680071277328	0	0	0	0	0	0	0	0.0027746494658424316	0	0.0029661340703863617	0	0	0.008440341000289292	0	0.0292258070935284	0.0035856430850873104	0.025260949399442328	0.0001126380026728998	0.025572581206837353	0.001239018029401898	0.012025984085376603	0.00036795080873147266	0.015416387965830886	0	0.012596683298919296	0.00008635580204922319	0.03206053016079638	0	0.034756333024767785	0.0002703312064149595	0.022230987127541325	0.0010400242246797749	0.004310280902282966	0	0.0070248567666998515	0	0.021307355505623547	0.00019899380472212301
SC_303.raw	0	0.027993636874292575	0.004952349314923672	0	0	0	0	0.003999665234049556	0	0.0077099074561879895	0.000028138348380248133	0	0	0	0	0	0	0	0	0.0030992380858816163	0	0.0016682020825432822	0	0	0.001816933352553165	0.00039393687732347386	0.013880245279570972	0.015624822879146356	0.012593920782188201	0.004687044887338475	0.015025878035052504	0.009804204528489313	0.005523155810637276	0.007991290939990469	0.008445524278128762	0.0026208861634173975	0.006544175880434851	0.006946152285866968	0.015556486890222897	0.0035172935475310165	0.016967424073289623	0.00833699064866209	0.009888619573630058	0.008879658795995447	0.0007275772938321303	0.0022872457469087413	0.0012903442614370928	0.0028942301191112367	0.0074526425567114345	0.00781844108565466
SC_307.raw	0	0.029619289432670632	0.00548235195202251	0	0	0	0	0.004226939425193825	0	0.008618963678074604	0.00003839182039231449	0	0	0	0	0	0	0	0	0.0035666001144460165	0	0.0019119126555372618	0	0	0.002061640755067288	0.00041079247819776507	0.014412289375274862	0.01608233356234054	0.012865099013464587	0.004756746546607766	0.01570225454045663	0.010300525411257979	0.005708863692337166	0.008254241384347617	0.008668873044584613	0.002810281252717421	0.006584197197281936	0.007140878592970496	0.016020906649712837	0.0035781176605637114	0.017257123266345365	0.00855369758340767	0.010365791505924912	0.009183323437841628	0.0007601580437678271	0.002476272415304285	0.001339874531691776	0.003021436264875151	0.007636133076031353	0.008215849563955302
SC_309.raw	0	0.04372486465036216	0.0061388999683161735	0	0	0	0	0.001733435941466688	0	0.02744747837073595	0	0.000016911570160650614	0	0	0	0	0	0	0	0.002540963416637755	0	0.0029637526706540202	0.000016911570160650614	0	0.008303580948879452	0	0.02817890378018409	0.0032554772559252433	0.024145494296868915	0.00009724152842374104	0.024572511443425343	0.0011288473082234284	0.011537918742103881	0.00029595247781138577	0.014996334839956934	0	0.01215519105296763	0.00013952045382536758	0.030360496330908014	0	0.03319318433281699	0.0002748130151105725	0.021494605674186932	0.0009597316066169224	0.004198297292381515	0	0.006735032816479108	0	0.020568697207891312	0.0001564320239860182
SC_312.raw	0.00034669939190122177	0.07823451105522741	0.0015143191830168305	0.0021280169571868093	0	0.0018928989787710382	0	0	0	0	0	0	0	0	0	0.011520780942372784	0	0	0.0030963842242212568	0.00017135717070979926	0	0	0.00005977575722434858	0	0	0.000027895353371362668	0.0005180565626110211	0.000007970100963246478	0.00004383555529785562	0.00019526747359953868	0.0005618921179088766	0.00036662464430933794	0	0	0.00009564121155895773	0	0.00013150666589356686	0	0	0.0006336230265780949	0.00005977575722434858	0.0010520533271485349	0.0015780799907228024	0.00016737212022817602	0.004678449265425683	0	0	0	0.0040249009864394706	0.0007133240362105597
SC_313.raw	0.00039878417231420583	0.07830308488922301	0.0014827520588773654	0.002077303006691272	0	0.001939541201710001	0	0	0	0	0	0	0	0	0	0.011611870035658193	0	0	0.0030923899907637957	0.00015226304761087857	0	0	0.00004712903854622433	0	0	0.000014501242629607485	0.0005256700453232713	0.0000036253106574018712	0.00003987841723142058	0.0001631389795830842	0.0005256700453232713	0.0003697816870549909	0	0	0.00007613152380543928	0	0.00011600994103685988	0	0	0.0006706824716193461	0.00005075434920362619	0.0011274716144519818	0.001624139174516038	0.00015951366892568233	0.004589643292270769	0	0	0	0.004038596072345684	0.0007649405487117948
SC_314.raw	0	0.029151001199411868	0.0054408623564989374	0	0	0	0	0.004211846457339244	0	0.007643222964117221	0.000040369135373858566	0	0	0	0	0	0	0	0	0.0030456269909833293	0	0.0018166110918236352	0	0	0.001731387361589934	0.0003902349752806328	0.013756904243513801	0.015416524253327986	0.012590684777157886	0.004660392405937672	0.015039745656505307	0.00968410703024007	0.005328725869349331	0.007921321452248246	0.0082487599947251	0.0026105374208428536	0.006288614199349968	0.007028715014537374	0.01543895155075791	0.003350638236030261	0.01673973480169335	0.008329498265472817	0.009939778220941175	0.00903371540477235	0.0009912865464025268	0.002305526175795922	0.0012828414129915054	0.0028572376925719897	0.007531086476967614	0.007975146966080059
SC_315.raw	0	0.02817019328783724	0.004862002030909532	0	0	0	0	0.0037250170915472045	0	0.007489788901253931	0.000023852830895713156	0	0	0	0	0	0	0	0	0.003132671790970328	0	0.0018088396762582478	0	0	0.0017253547681232518	0.0004611547306504544	0.013747181539562682	0.015289664604152133	0.01245117772756227	0.004428675602970743	0.014999455161587624	0.00971605311818716	0.005307254874296177	0.007823728533793916	0.008237177602652945	0.002496596300417977	0.00623751527922899	0.006877566241597293	0.015353272153207368	0.0033274699099519853	0.016510134451649457	0.008225251187205088	0.009847243688113582	0.008825547431413868	0.0008070207786382952	0.0021586811960620407	0.0012403472065770841	0.0026516397012401128	0.007326794556799892	0.00779590023108225
SC_318.raw	0	0.03024580444784201	0.005315261130511158	0	0	0	0	0.00429158120907938	0	0.00854772734395535	0.000027560613269317118	0	0	0	0	0	0	0	0	0.0030631653033612455	0	0.002007987538193104	0	0	0.001822937706241975	0.0004921538083806628	0.014453573044523306	0.016012716309473245	0.012945613775644954	0.004724676560454362	0.016012716309473245	0.010252548136185967	0.00567354910301228	0.008425673199476947	0.008610723031428076	0.0028190570144044367	0.006480681348756567	0.007244504059363356	0.016071774766478922	0.003594691416412361	0.017150575914449337	0.008500480578350808	0.010413974585334823	0.009173746988215555	0.0008937513160192836	0.002362338280227181	0.001456775272806762	0.003039541920558973	0.007858712012222423	0.008252435058926954
SC_319.raw	0	0.03025623200725522	0.005176921826336445	0	0	0	0	0.00432455994987903	0	0.009088373872901758	0.00003137528379597845	0	0	0	0	0	0	0	0	0.0032002789471898023	0	0.002091685586398563	0	0	0.0018616001718947215	0.00042879554521170547	0.01386264622385648	0.01564057897229526	0.012471675308901435	0.004606937504042836	0.01542095198572341	0.009956423391257161	0.005480216236364236	0.007985009726076516	0.008382429987492243	0.002520481131610269	0.006327348898855655	0.006797978155795332	0.015483702553315368	0.0034042182918636622	0.016681192551528546	0.00824124121041034	0.01007669531247508	0.008941955881853859	0.0008575910904234109	0.0022328743634804664	0.0013282203473630877	0.0027610249740461037	0.0074725467574088674	0.007869967018824595
SC_321.raw	0.00044731214729228167	0.0773139331964809	0.0014673510626129985	0.0019815510076312288	0	0.001897941260473793	0	0	0	0	0	0	0	0	0	0.012106691388396706	0	0	0.002972326511446843	0.0001839414437463588	0	0	0.0000961512092310512	0	0	0.000025082924147230744	0.000459853609365897	0.000004180487357871791	0.000033443898862974325	0.00017976095638848701	0.0004932975082288713	0.00035952191277697403	0	0	0.0000961512092310512	0	0.00012123413337828193	0	0	0.0006187121289650251	0.00006688779772594865	0.0011036486624781527	0.0015718632465597934	0.00017139998167274342	0.004820101923626175	0	0	0	0.004096877610714355	0.0007065023634803327
SC_325.raw	0.0004368687723402178	0.07719852937246897	0.0013615036497204847	0.00200620319725168	0	0.0019213743094186279	0	0	0	0	0	0	0	0	0	0.011227103304704432	0	0	0.0029647696297651674	0.0001611748868827988	0	0	0.000042414443916526	0	0	0.000025448666349915602	0.0004368687723402178	0.000008482888783305199	0.000042414443916526	0.00014420910931618839	0.000466558883081786	0.0003477984401155132	0.0000042414443916525994	0	0.0000763459990497468	0	0.0000890703322247046	0	0	0.0005853193260480587	0.0000466558883081786	0.0010900512086547182	0.0015057127590366731	0.000127243331749578	0.004491689610760103	0	0	0	0.003855472952012213	0.0006489409919228478
SC_330.raw	0.0004173972042824065	0.07601513553309061	0.0013632015076031788	0.0020114992929779803	0	0.0018694066276903525	0	0	0	0	0	0	0	0	0	0.011402936389332126	0	0	0.0032459293226642467	0.00015097345686810448	0	0	0.00005328474948286041	0	0	0.000017761583160953468	0.0005062051200871738	0.000013321187370715103	0.000026642374741430205	0.00017761583160953468	0.0005372878906188425	0.0003463508716385926	0	0	0.00009324831159500571	0	0.00011545029054619755	0	0	0.0006216554106333714	0.00009324831159500571	0.0010834565728181616	0.0017761583160953468	0.00011989068633643592	0.004888875765052442	0	0	0	0.004209495209145972	0.0006349765980040864
SC_331.raw	0.0003809904043994867	0.07824987295359041	0.0014168080663605912	0.002055760723738897	0	0.0018454222713100135	0	0	0	0	0	0	0	0	0	0.011640050584413485	0	0	0.0030399859351042374	0.00017858925206225938	0	0	0.00005952975068741979	0	0	0.000015874600183311945	0.0005000499057743263	0.000003968650045827986	0.00003174920036662389	0.00019843250229139932	0.0004921126056826703	0.0003492412040328628	0	0	0.00007937300091655973	0	0.00013493410155815153	0	0	0.0007143570082490375	0.00005952975068741979	0.0010715355123735563	0.0015953973184228507	0.00015477735178729148	0.004734599504672788	0	0	0	0.004123427397615278	0.0007421375585698334
SC_334.raw	0.00047338444034462674	0.0777560637877347	0.0014521868545910354	0.0019220120134293113	0	0.0018721820723404036	0	0	0	0	0	0	0	0	0	0.01159969842919653	0	0	0.0030467449694360936	0.0002135568903810346	0	0	0.0000462706595825575	0	0	0.000028474252050804614	0.0005196550999271842	0.0000035592815063505768	0.00006050778560795981	0.00023135329791278752	0.0005267736629398854	0.0003808431211795117	0	0	0.00008542275615241385	0	0.00014593054176037366	0	0	0.0006905006122320119	0.00006050778560795981	0.0011282922375131328	0.001573202425806955	0.00020999760887468403	0.004449101882938221	0	0	0	0.0038831761234284796	0.0007438898348272705
SC_337.raw	0.012913531946643199	0.039513200315369784	0	0.00006744959706223892	0.000944294358871345	0	0.0009197672326668946	0.0006561006259690514	0	0.0009626897035246829	0	0	0	0	0	0	0	0.000006131781551112631	0	0.00001839534465333789	0	0.00016555810188004103	0	0	0	0	0.0004721471794356725	0.00034337976686230726	0.00005518603396001367	0.0007419455676846283	0.0004598836163334473	0.0034705883579297485	0.0032007899696807926	0.0023975265864850386	0.0002575348251467305	0	0	0.00005518603396001367	0.00009197672326668946	0.00003065890775556315	0.0000797131601644642	0.00012876741257336524	0.0001410309756755905	0.00021461235428894208	0	0.0018579298099871272	0.00011037206792002734	0.0028819373290229363	0	0.0010730617714447101
SC_340.raw	0.03667150262824496	0.05980779699594546	0.04252508031436111	0.017122762053857026	0	0	0.002742079332468207	0.0010663641848487474	0	0	0	0	0	0	0	0	0	0	0	0	0	0	0	0	0	0	0	0	0	0	0.00009901953145024082	0	0.000422737230422182	0.000083785757380973	0.0001256786360714595	0	0	0	0	0	0	0	0	0	0	0	0	0	0	0
SC_343.raw	0.014630121658960072	0.043224238021075966	0	0.00041941326846934435	0	0.0002220423186014176	0.00029112215105519195	0.000009868547493396338	0.0001134882961740579	0.00007894837994717071	0	0	0	0	0	0	0	0	0	0	0	0	0	0	0	0	0.00008388265369386887	0	0.00005427701121367986	0.0002664507823217011	0	0.001539493408969829	0.001016460391819823	0.000320727793535381	0	0	0	0	0	0	0	0	0	0	0	0	0	0	0	0
SC_344.raw	0.03958389382514689	0.0626542342674139	0.04446058709993043	0.017897420105461255	0	0	0.0028296316372270758	0.0013352324288165263	0	0	0	0	0	0	0	0	0	0	0	0	0	0	0	0	0	0	0	0	0	0	0.00011937508469551727	0	0.0004156021467177268	0.0000751620903638442	0.00008400468923017882	0	0	0	0	0	0	0	0	0	0	0	0	0	0	0
SC_345.raw	0.00034953467322789854	0	0	0	0	0	0	0	0	0	0	0	0	0	0	0	0	0	0.000017476733661394928	0.005627508238969166	0.0027263704511776084	0	0	0	0	0.0005417787435032427	0	0	0	0	0	0	0	0	0	0	0	0	0	0	0	0	0	0	0	0	0	0	0	0
SC_346.raw	0.00019516726810713122	0	0	0	0	0	0	0	0	0	0	0	0	0	0	0	0	0	0	0.005789962287178226	0.002146839949178443	0	0	0	0	0.0007806690724285249	0	0	0	0	0	0	0	0	0	0	0	0	0	0	0	0	0	0	0	0	0	0	0	0
SC_350.raw	0.038220181689188705	0.06204690524959348	0.042871240563865716	0.017470744816259053	0	0	0.00262295364533648	0.001161593757220441	0	0	0	0	0	0	0	0	0	0	0	0	0	0	0	0	0	0	0	0	0	0	0.00010772845329060543	0	0.00039812689259571566	0.000046838457952437136	0.0001030446074953617	0	0	0	0	0	0	0	0	0	0	0	0	0	0	0
SC_359.raw	0.03911444887741532	0.06283058587446967	0.04380177769711302	0.017899191045653098	0	0	0.0030336625031832346	0.0011383512847837282	0	0	0	0	0	0	0	0	0	0	0	0	0	0	0	0	0	0	0	0	0	0	0.00010189845260212401	0	0.0004367076540091029	0.00008443014644175989	0.00007860737772163851	0	0	0	0	0	0	0	0	0	0	0	0	0	0	0
SC_360.raw	0.03918582466852801	0.06152092082066917	0.04427256669515839	0.01720178536047824	0	0	0.0026651662449387365	0.001046006106884558	0	0	0	0	0	0	0	0	0	0	0	0	0	0	0	0	0	0	0	0	0	0	0.00011463080623392415	0	0.0004441943741564561	0.00009671974275987351	0.00008239089198063298	0	0	0	0	0	0	0	0	0	0	0	0	0	0	0
SC_363.raw	0.0395559472231309	0.06258412607839042	0.043595978601246595	0.01780441828335592	0	0	0.002694700929203177	0.0011998893193003652	0	0	0	0	0	0	0	0	0	0	0	0	0	0	0	0	0	0	0	0	0	0	0.00008484065894042986	0	0.00038784301229910793	0.00007676059618419843	0.00006464050204985132	0	0	0	0	0	0	0	0	0	0	0	0	0	0	0
SC_366.raw	0.042065184514928695	0.06653613609746357	0.048306477417110125	0.018521483838675665	0	0	0.0026970292857842835	0.0011814212054657158	0	0	0	0	0	0	0	0	0	0	0	0	0	0	0	0	0	0	0	0	0	0.000018827429569174754	0	0.0001694468661225728	0.00046127202444478147	0.0006919080366671722	0.00003294800174605582	0	0	0	0	0	0	0	0	0	0	0	0	0	0	0
SC_371.raw	0.04197286749042753	0.0656124966033216	0.04779926933504737	0.018986099040253075	0	0	0.002448227485198567	0.0012525815040550809	0	0	0	0	0	0	0	0	0	0	0	0	0	0	0	0	0	0	0	0	0	0.00003036561221951711	0	0.00022394639011893869	0.00044789278023787737	0.000724978991740971	0.00004175271680183602	0	0	0	0	0	0	0	0	0	0	0.000011387104582318916	0	0	0	0
SC_372.raw	0.0003014768345200355	0	0	0	0	0	0	0	0	0	0	0	0	0	0	0	0	0	0.00003349742605778172	0.005560572725591766	0.0024788095282758473	0	0	0	0	0.000837435651444543	0	0	0	0	0	0	0	0	0	0	0	0	0	0	0	0	0	0	0	0	0	0	0	0
SC_373.raw	0.04163480047738259	0.06550590126398892	0.04766663932189253	0.017773555636600633	0	0	0.002592113751807375	0.0012155666516713926	0	0	0	0	0	0	0	0	0	0	0	0	0	0	0	0	0	0	0	0	0	0.000045994413847025666	0	0.00025296927615864117	0.0005749301730878208	0.0007950462964985865	0.00005585035967138831	0	0	0	0	0	0	0	0	0	0	0.000009855945824362644	0	0	0	0
SC_375.raw	0.04229751329993708	0.06541850431058747	0.047257209671910085	0.018132184168409022	0	0	0.0025326109133479184	0.001240833795189138	0	0	0	0	0	0	0	0	0	0	0	0	0	0	0	0	0	0	0	0	0	0.000029110470268366878	0	0.00021468971822920571	0.00044393467159259485	0.0007350393742762637	0.0000363880878354586	0	0	0	0	0	0	0	0	0	0	0	0	0	0	0
SC_380.raw	0.04158982386229184	0.06611625087169996	0.04750769696066038	0.018459528611014398	0	0	0.002655003371501327	0.0011843589633580513	0	0	0	0	0	0	0	0	0	0	0	0	0	0	0	0	0	0	0	0	0	0.00007451265001259263	0	0.0002941288816286551	0.000596101200100741	0.0008078739948733728	0.00009804296054288505	0	0	0	0	0	0	0	0	0	0	0.000011765155265146206	0	0	0	0
SC_387.raw	0.04184935535508122	0.06666343014923332	0.047589352712661064	0.019063622067979204	0	0	0.0027009702198690826	0.0012720698454867295	0	0	0	0	0	0	0	0	0	0	0	0	0	0	0	0	0	0	0	0	0	0.00003136610577912483	0	0.000188196634674749	0.0004147296208573172	0.0006586882213616215	0.00005576196582955526	0	0	0	0	0	0	0	0	0	0	0.000006970245728694407	0	0	0	0
SC_390.raw	0.04240214129753605	0.06657742473704716	0.04865159197972464	0.018985780295007144	0	0	0.002721945276774137	0.0014160899103466695	0	0	0	0	0	0	0	0	0	0	0	0	0	0	0	0	0	0	0	0	0	0.000029678531055169714	0	0.00019503034693397242	0.0005002952377871467	0.0006741266339674265	0.00005087748180886237	0	0	0	0	0	0	0	0	0	0	0.000004239790150738531	0	0	0	0
SC_394.raw	0.041171792327905	0.06584381102663729	0.04802593335398724	0.01890847334697926	0	0	0.0025134257924938055	0.0012531016522921703	0	0	0	0	0	0	0	0	0	0	0	0	0	0	0	0	0	0	0	0	0	0.000028889951637859837	0	0.00019139592960082142	0.00045862798225102485	0.0007691949623580181	0.00005055741536625471	0	0	0	0	0	0	0	0	0	0	0.000007222487909464959	0	0	0	0
SC_398.raw	0.04152718182483041	0.06100866087629637	0.04497925296217499	0.01726938464349014	0	0	0.002431799022645526	0.0011587161184635243	0	0	0	0	0	0	0	0	0	0	0	0	0	0	0	0	0	0	0	0	0	0.00003009652255749414	0	0.00026484939850594845	0.00045144783836241205	0.0007012489755896135	0.00005718339285923886	0	0	0	0	0	0	0	0	0	0	0.000012038609022997656	0	0	0	0
SC_400.raw	0.041630042887477875	0.06663137349290729	0.04837132010487055	0.01906886956663595	0	0	0.0026115166444602073	0.001250923327070834	0	0	0	0	0	0	0	0	0	0	0	0	0	0	0	0	0	0	0	0	0	0.00002741749757963472	0	0.00020220404464980606	0.000514078079618151	0.0007197093114654114	0.00006511655675163246	0	0	0	0	0	0	0	0	0	0	0.00000342718719745434	0	0	0	0
SC_403.raw	0.042251605814743014	0.0660975451545598	0.047101827392769094	0.018146043908705847	0	0	0.0026080266879410312	0.0010660259916018394	0	0	0	0	0	0	0	0	0	0	0	0	0	0	0	0	0	0	0	0	0	0.00002360205147457947	0	0.0002635562414661374	0.0005113777819492219	0.000755265647186543	0.00005900512868644868	0	0	0	0	0	0	0	0	0	0	0.000003933675245763245	0	0	0	0
SC_408.raw	0.0405794983143161	0.06689672788675226	0.04725824383610359	0.01831847021060952	0	0	0.002692478561139457	0.0011364357563250955	0	0	0	0	0	0	0	0	0	0	0	0	0	0	0	0	0	0	0	0	0	0.000017483627020386084	0	0.00020106171073443996	0.0005070251835911964	0.0006687487335297677	0.000052450881061158256	0	0	0	0	0	0	0	0	0	0	0	0	0	0	0
SC_409.raw	0.04103197388165413	0.06400923473193444	0.047682650190176715	0.017881497355258465	0	0	0.002614348227880771	0.001220566275882702	0	0	0	0	0	0	0	0	0	0	0	0	0	0	0	0	0	0	0	0	0	0.000032226172300533385	0	0.00026586592147940044	0.0005115904852709675	0.000765371592137668	0.00004431098691323341	0	0	0	0	0	0	0	0	0	0	0	0	0	0	0
SC_410.raw	0.042319858546809086	0.06489981257233739	0.04723923000952353	0.01793756541281602	0	0	0.002535758485935279	0.001143041902121595	0	0	0	0	0	0	0	0	0	0	0	0	0	0	0	0	0	0	0	0	0	0.00003120933521151113	0	0.00024187234788921122	0.0005461633662014447	0.0008387508838093615	0.00005461633662014447	0	0	0	0	0	0	0	0	0	0	0.000003901166901438891	0	0	0	0
SC_413.raw	0.04302397959767639	0.06397649537156962	0.04662283541208066	0.01806830616946955	0	0	0.0025624764501296243	0.0012641550487306147	0	0	0	0	0	0	0	0	0	0	0	0	0	0	0	0	0	0	0	0	0	0.00004270794083549374	0	0.00019076213573187203	0.00042423221229923784	0.0006463135046438053	0.000054096725058292064	0	0	0	0	0	0	0	0	0	0	0.000005694392111399165	0	0	0	0
SC_414.raw	0.042807859232071935	0.06698102166510755	0.04829438146035963	0.01898206832473264	0	0	0.002571198582724175	0.0013797467142143618	0	0	0	0	0	0	0	0	0	0	0	0	0	0	0	0	0	0	0	0	0	0.000022725239998824782	0	0.0002727028799858974	0.0006038420913973442	0.0008635591199553416	0.00004220401714067459	0	0	0	0	0	0	0	0	0	0	0.000006492925713949937	0	0	0	0
SC_417.raw	0.035785603293948615	0.1990083776048254	0	0	0	0	0	0.07122009794709831	0	0	0	0.00016181528662906548	0	0	0	0	0	0	0	0	0	0	0.0019020928975454299	0	0.00031752433602684547	0.0001221247446257098	0.005016273885501029	0.000009159355846928235	0.006646639226254255	0.00026256820094527607	0.012780354525080528	0.00009159355846928234	0.012939116693093953	0.001196822497331956	0.014300807595670617	0.00004274366061899843	0.0033645367144383045	0	0.0019020928975454299	0	0.0002595150823296333	0	0.007690805792804074	0	0	0	0.00022593077755756315	0.000048849897850283914	0.000873191924073825	0
SC_421.raw	0.0392625395628743	0.062262822507339166	0.043248202456634764	0.01781892118257626	0	0	0.00270348266095639	0.0011731385121257214	0	0	0	0	0	0	0	0	0	0	0	0	0	0	0	0	0	0	0	0	0	0	0.00009776154267714344	0	0.00042488670471220035	0.00007520118667472573	0.00007144112734098943	0	0	0	0	0	0	0	0	0	0	0	0	0	0	0
SC_428.raw	0.03569863248729134	0.19504069139866959	0	0	0	0	0	0.07129509939047024	0	0	0	0.00018455718420313104	0	0	0	0	0	0	0	0	0	0	0.0019378504341328758	0	0.00029990542433008794	0.00005602628806166477	0.004999522293502674	0.000019773984021764038	0.006854981127544866	0.00022740081625028644	0.012905820238204663	0.00006261761606891946	0.013064012110378774	0.0011600737292768236	0.014230677167662853	0.00003625230403990074	0.0033253249796599857	0	0.0017071539538789618	0	0.00022410515224665907	0	0.007639349160408173	0	0	0	0.0002669487842938145	0.000029660976032646056	0.0007909593608705614	0
SC_429.raw	0.035883348752851395	0.16354634793333245	0	0	0	0	0	0.05389839266903599	0	0	0	0	0	0	0	0	0	0	0	0	0	0	0.0007788458835944468	0	0.00046655502205657684	0	0.0017420562517112502	0.0016780930632034942	0.0006584445875798463	0.0002144648085260071	0.007747070890439449	0.0031567714798828054	0.002535952297307522	0	0.006132941015743711	0	0.001847407385724026	0.00022575243002737587	0.000052675567006387696	0	0	0	0.006550583011294357	0	0	0.000030100324003650115	0	0	0	0
SC_433.raw	0.035976615330464014	0.16867054602546006	0	0	0	0	0	0.05619742957843841	0	0	0	0	0	0	0	0	0	0	0	0	0	0	0.0007912681559086949	0	0.0004912818770202337	0	0.001621664956889798	0.0014042835953764201	0.0005869296760861198	0.00021738136151337772	0.007564871380665546	0.002804219563522573	0.002478147521252506	0	0.005943206423775747	0	0.0017086175014951492	0.00019564322536203997	0.00008260491737508354	0	0	0	0.00631275473834849	0	0	0.000030433390611872882	0	0	0	0
SC_439.raw	0.03469253724976494	0.16930432150002694	0	0	0	0	0	0.0560360941616707	0	0	0	0	0	0	0	0	0	0	0	0	0	0	0.0007220668976095809	0	0.0004295372313985199	0	0.0017514750900991373	0.001607061710577221	0.0006480087542650085	0.00025550059453877474	0.007898300987698646	0.0030993332989703547	0.0025513030382205188	0	0.00625050729828191	0	0.0017699896259352804	0.00023698605870263166	0.00008146395767902963	0	0	0	0.006650421272342602	0	0	0.000029623257337828958	0	0	0	0
SC_443.raw	0.028418201840887284	0.06961357970325878	0	0.004000114090210573	0	0	0	0	0	0	0	0	0	0	0	0	0	0	0	0	0	0	0	0	0	0	0	0	0	0	0	0	0	0	0	0	0	0	0	0	0	0	0	0	0	0	0	0	0	0
SC_457.raw	0.02873602439406417	0.0702412880050242	0	0.003787486208401315	0	0	0	0	0	0	0	0	0	0	0	0	0	0	0	0	0	0	0	0	0	0	0	0	0	0	0	0	0	0	0	0	0	0	0	0	0	0	0	0	0	0	0	0	0	0
SC_458.raw	0.027634916323981063	0.06833846623234584	0	0.003749927729720998	0	0	0	0	0	0	0	0	0	0	0	0	0	0	0	0	0	0	0	0	0	0	0	0	0	0	0	0	0	0	0	0	0	0	0	0	0	0	0	0	0	0	0	0	0	0
SC_459.raw	0.02776682447727831	0.0655264428132801	0	0.0035801846477966164	0	0	0	0	0	0	0	0	0	0	0	0	0	0	0	0	0	0	0	0	0	0	0	0	0	0	0	0	0	0	0	0	0	0	0	0	0	0	0	0	0	0	0	0	0	0
SC_460.raw	0.027483578490881858	0.06866230890203935	0	0.0038769811180881	0	0	0	0	0	0	0	0	0	0	0	0	0	0	0	0	0	0	0	0	0	0	0	0	0	0	0	0	0	0	0	0	0	0	0	0	0	0	0	0	0	0	0	0	0	0
SC_461.raw	0.02736546885480618	0.06918127651938065	0	0.003860379321021133	0	0	0	0	0	0	0	0	0	0	0	0	0	0	0	0	0	0	0	0	0	0	0	0	0	0	0	0	0	0	0	0	0	0	0	0	0	0	0	0	0	0	0	0	0	0
SC_471.raw	0.028100339431207343	0.0688090149748294	0	0.0037759717758986504	0	0	0	0	0	0	0	0	0	0	0	0	0	0	0	0	0	0	0	0	0	0	0	0	0	0	0	0	0	0	0	0	0	0	0	0	0	0	0	0	0	0	0	0	0	0
SC_472.raw	0.050095028029841976	0.07597646876680976	0	0.00408049654968266	0	0	0	0	0	0	0	0	0	0	0	0	0	0	0	0	0.00005150141276298503	0	0.00008715623698351313	0	0.000015846588542456934	0	0	0	0	0	0	0	0	0	0	0	0	0	0	0	0	0	0	0	0	0	0	0	0	0
SC_473.raw	0.029179795464147396	0.07025619386371662	0	0.003694960191187241	0	0	0	0	0	0	0	0	0	0	0	0	0	0	0	0	0	0	0	0	0	0	0	0	0	0	0	0	0	0	0	0	0	0	0	0	0	0	0	0	0	0	0	0	0	0
SC_479.raw	0.028828309770933022	0.06745714638111512	0	0.003652455536588799	0	0	0	0	0	0	0	0	0	0	0	0	0	0	0	0	0	0	0	0	0	0	0	0	0	0	0	0	0	0	0	0	0	0	0	0	0	0	0	0	0	0	0	0	0	0
SC_484.raw	0.02759737273011609	0.06598986234341815	0	0.003497883868925558	0	0	0	0	0	0	0	0	0	0	0	0	0	0	0	0	0	0	0	0	0	0	0	0	0	0	0	0	0	0	0	0	0	0	0	0	0	0	0	0	0	0	0	0	0	0
SC_485.raw	0.06025762121770941	0.06846515337064411	0	0	0	0	0.008617701604292875	0	0	0	0	0	0	0	0	0	0	0	0	0	0	0	0	0.00016158190508049143	0	0.000016572503085178605	0	0.004793596517387911	0.0014998115292086639	0.009711486807914662	0.007097174446227738	0.010664405735312433	0.01175819093893422	0.014712239613867308	0.01188248471207306	0.007271185728622113	0.0023615816896379515	0.00035216569056004533	0	0.002034274753705674	0.00421355890940666	0.0019058378547955395	0.0007747645192320998	0.0008700564119718769	0.002784180518310006	0.00249416171431938	0.0006173257399229031	0.002485875462776791	0.002825611776022952	0.003219208724295944
SC_486.raw	0.060669762820761974	0.06793862428602099	0	0	0	0	0.007781810381051817	0	0	0	0	0	0	0	0	0	0	0	0	0	0	0	0	0.0001334501244339004	0	0.000012510949165678164	0	0.004487260434089901	0.001442929470441548	0.009591727693686592	0.006843489193625955	0.010538389513889572	0.011530924814366706	0.01449601976663243	0.011897912656559931	0.0069102142558429055	0.0021268613581652876	0.00030026277997627593	0	0.002239459900656391	0.004441386953815748	0.002097669143445372	0.0008966180235402683	0.0009007883399288277	0.0029776059014314025	0.002744068183672077	0.0006714209385580614	0.0027273869181178396	0.003002627799762759	0.0034405110205614946
SC_487.raw	0.028139347723915246	0.06991925866177282	0	0.003717948088104331	0	0	0	0	0	0	0	0	0	0	0	0	0	0	0	0	0	0	0	0	0	0	0	0	0	0	0	0	0	0	0	0	0	0	0	0	0	0	0	0	0	0	0	0	0	0
SC_488.raw	0.027856310282881647	0.06874494002752633	0	0.003488852951280676	0	0	0	0	0	0	0	0	0	0	0	0	0	0	0	0	0	0	0	0	0	0	0	0	0	0	0	0	0	0	0	0	0	0	0	0	0	0	0	0	0	0	0	0	0	0
SC_491.raw	0.06079583664156036	0.06752803849091547	0	0	0	0	0.007177470875916615	0	0	0	0	0	0	0	0	0	0	0	0	0	0	0	0	0.00011630161141531551	0	0.00002990612864965256	0	0.004296513816000084	0.0016215767534478278	0.009290837300492061	0.006595962818840037	0.010271093739564007	0.011281256307285605	0.01421537981813485	0.011490599207833173	0.0068019828162043106	0.0020801373927425005	0.00025586354511369415	0	0.001990419006793543	0.004269930590533727	0.0018442112667285747	0.0007775593448909665	0.0008340486990069769	0.0029141860917494774	0.0025785728702367094	0.000624705798459409	0.002548666741587057	0.00288095705991653	0.0032797054419118976
SC_492.raw	0.059815060846665595	0.06823577651244313	0	0	0	0	0.00730536370458443	0	0	0	0	0	0	0	0	0	0	0	0	0	0	0	0	0.00013798168592079723	0	0.000026829772262377236	0	0.0044805719678169985	0.001582956563480257	0.009547566100797385	0.0070217346835250135	0.010505772253025143	0.011552133371257855	0.014587730461515394	0.011854926515361826	0.006987239262044814	0.0020773909380297803	0.00027596337184159446	0	0.0021463817809901785	0.0043732528787674895	0.001996901621242648	0.0008163916416980501	0.0008470542385693384	0.002993436019559517	0.002675311577019901	0.0006630786573416089	0.0026599802785842574	0.0029742718965149618	0.0034418764988021085
SC_496.raw	0.06068063501154652	0.06706333390460989	0	0	0	0	0.007159288366736346	0	0	0	0	0	0	0	0	0	0	0	0	0	0	0	0	0.00011998807318552537	0	0.000036663022362243856	0	0.004486220736325476	0.001553178947345967	0.009645707883303066	0.00687598319393719	0.0106622735033471	0.011675506121358203	0.014518556855448568	0.01185215522910356	0.006939310232562884	0.002093125276680831	0.0002666401626345008	0	0.0021597853173394564	0.004396229681436332	0.002013133227890481	0.0009499055793854091	0.0009899016037805842	0.0030330318499674465	0.002719729658871908	0.0007332604472448772	0.0027097306527731142	0.003049696860132103	0.0034329920939191972
SC_497.raw	0	0.029631083710491293	0.00549088372929739	0	0	0	0	0.004324162086950003	0	0.008363935773577831	0.00003281404619102026	0	0	0	0	0	0	0	0	0.0031829624805289657	0	0.0019797807868582227	0	0	0.0018302945764324635	0.00046304265180661925	0.014405366277857896	0.015918458407777163	0.012833938065821258	0.004666886569389548	0.01579084822814542	0.010030160119055193	0.00567318398591417	0.008097777398917334	0.008681138220091027	0.0026433537209432987	0.00658103926386573	0.0071133560131867255	0.015958564464232855	0.0035512089988948593	0.017012259947477838	0.008404041830033522	0.010216106380804307	0.00903480071792758	0.0008568112060988623	0.0022422931563863845	0.0013125618476408105	0.002945972146927152	0.007813388998595157	0.007908185132035882
SC_498.raw	0	0.030145858524558616	0.005263743577472728	0	0	0	0	0.0042680029151638075	0	0.008851450391288075	0.00003800536879041681	0	0	0	0	0	0	0	0	0.003344472453556679	0	0.0019192711239160488	0	0	0.0018584625338513821	0.0005054714049125436	0.014670072353100888	0.016175084957201394	0.013073846863903383	0.004891290963326643	0.015821635027450518	0.010478080175517915	0.005868028941240356	0.008452394018988698	0.00874883589555395	0.002755389237305219	0.006768756181573234	0.007441451209163612	0.01630050267420977	0.0035497014450249303	0.017402658369131855	0.008783040727465325	0.010614899503163414	0.009448134681297618	0.0008057138183568364	0.002420941991949551	0.001299783612632255	0.0030556316507495116	0.00788991456089053	0.008292771470068946
