Sample	1	2	3	4	5	6	7	8	9	10	11	12	13	14	15	16	17	18	19	20	21	22	23	24	25	26	27	28	29	30	31	32	33	34	35	36	37	38	39
SC_284 - illumina_universal_adapter	0.000008178594328635548	0.000008178594328635548	0.000008178594328635548	0.000008178594328635548	0.000008178594328635548	0.000008178594328635548	0.000008178594328635548	0.000008178594328635548	0.000008178594328635548	0.000008178594328635548	0.00002044648582158887	0.00002862508015022442	0.00006951805179340216	0.00015539329224407544	0.00028625080150224423	0.00048253706538949737	0.000797412947041966	0.0011818068804878368	0.0017992907522998208	0.0029115795809942554	0.006591947028880252	0.023120886167052695	0.06813995864902707	0.07540663971001976	0.07807286146115495	0.07886209581386829	0.0796963124353891	0.08136883497559508	0.08642729556785617	0.09108091574084978	0.1018275886886769	0.1295530234627514	0.13253412109553908	0.13395310721155734	0.13414530417828027	0.13424753660738822	0.13424753660738822	0.13424753660738822	0.13424753660738822
SC_286 - illumina_universal_adapter	0.00005837139715927813	0.00005837139715927813	0.00005837139715927813	0.00005837139715927813	0.00005837139715927813	0.00005837139715927813	0.00005837139715927813	0.00005837139715927813	0.00005837139715927813	0.0000745856741479665	0.00007782852954570418	0.00009079995113665487	0.00012971421590950695	0.00018808561306878508	0.0002367284440348502	0.0003696855153420948	0.0006193853809678957	0.0011090565460262845	0.001751141914778344	0.0030839554832485278	0.008077952795764546	0.03662156600665155	0.12194433437652749	0.13951736777686793	0.14611333565586637	0.14764396340359856	0.14897677697206874	0.1506533332126991	0.15362054590162907	0.1553943878041916	0.15835511478232608	0.1692186803647473	0.17119682215736728	0.17232857869117774	0.172448564340894	0.17264637852015602	0.17266259279714471	0.17266259279714471	0.17266259279714471
SC_287 - illumina_universal_adapter	0.0005858023646687777	0.0005858023646687777	0.0005858023646687777	0.0005858023646687777	0.0005858023646687777	0.0005858023646687777	0.0005858023646687777	0.0005901097349972246	0.0005901097349972246	0.0006245686976247997	0.0006633350305808218	0.0007279455855075252	0.0009260846206160823	0.0011672973590091083	0.0016195712434960324	0.002076152498311403	0.0028299423057896096	0.0036914163714789885	0.005009471691983738	0.007111468412265823	0.014283240009129903	0.04012746197981127	0.09628264895177344	0.10754642236066206	0.11069080270042829	0.11150489569250475	0.11218115283407092	0.11333983545242314	0.11557966802321552	0.1169924854909461	0.11978796883410814	0.12622748747513624	0.12693389620900153	0.12736463324184621	0.12738617009348846	0.12740339957480223	0.12740339957480223	0.12740339957480223	0.12740339957480223
SC_288 - illumina_universal_adapter	0.000052111265592062885	0.000052111265592062885	0.000052111265592062885	0.000052111265592062885	0.000052111265592062885	0.000052111265592062885	0.000052111265592062885	0.000052111265592062885	0.000052111265592062885	0.00005955573210521473	0.00014516709700646092	0.00020100059585509972	0.00037222332565759207	0.0005955573210521472	0.001124114443485928	0.0016973383649986197	0.0025497297807545055	0.0035919550925957635	0.005099459561509011	0.007850189938118616	0.015078766922389054	0.04018523023799364	0.1316256124190377	0.14138903025103636	0.14424770539208664	0.14488048504570455	0.14528620847067134	0.14577754326053935	0.1467751017733017	0.14728132549619602	0.14869949636695146	0.15175917210385687	0.15204950629786979	0.15217978446184993	0.1521872289283631	0.15221328456115912	0.15221328456115912	0.15221328456115912	0.15221328456115912
SC_292 - illumina_universal_adapter	0.00003304349416005806	0.00003304349416005806	0.00003304349416005806	0.00003304349416005806	0.00003304349416005806	0.00003304349416005806	0.00003304349416005806	0.00003304349416005806	0.00003304349416005806	0.000055072490266763436	0.00007710148637346881	0.00014318847469358493	0.00025700495457822936	0.0004075364279740494	0.0007416428689257476	0.0011932372891132078	0.002448890067195414	0.00326763442249463	0.0045306301992790714	0.006425123864455734	0.012126962356741308	0.03374475053612151	0.0978601437046875	0.10798613891506974	0.11125010183821325	0.1118228557369876	0.1123478801441974	0.11312256650728321	0.11416160082364948	0.11474536922047716	0.11546865459264732	0.11699966982206335	0.11742923524614411	0.11771194069618016	0.11775599868839356	0.11778537068320251	0.11778904218255364	0.11778904218255364	0.11778904218255364
SC_293 - illumina_universal_adapter	0.000012767316215227842	0.000012767316215227842	0.000012767316215227842	0.000012767316215227842	0.000012767316215227842	0.000017023088286970456	0.000017023088286970456	0.000017023088286970456	0.000017023088286970456	0.00002127886035871307	0.00007234812521962444	0.00016171933872621933	0.0003021598170937256	0.0005702734576135103	0.0009532929440703456	0.0015448452620425688	0.003098202068228623	0.004400468322181863	0.005915523179722233	0.008639217305637506	0.0177167791346645	0.046553890692792456	0.14684967110755065	0.16283009523694417	0.16783488319331347	0.16970316713280847	0.17143526636600773	0.17296734431183505	0.17568678266567858	0.17747420693581048	0.18030855113559108	0.18416853640466163	0.18497287732622097	0.18524099096674077	0.18526226982709948	0.18527078137124295	0.1852750371433147	0.1852750371433147	0.1852750371433147
SC_294 - illumina_universal_adapter	0.002438643520115827	0.0024424420302717707	0.0024424420302717707	0.0024424420302717707	0.0024424420302717707	0.002450039050583658	0.002465233091207433	0.0025981809466654607	0.002795703474774531	0.00333509191691853	0.003916263970777909	0.005234346994890358	0.007228564826760778	0.009576044103133957	0.016257623467438847	0.019505349650770675	0.02347859127388774	0.030885686077977866	0.03815223600629808	0.046022749049413336	0.06063181910917264	0.08370017128621846	0.12356553537284713	0.137866926109975	0.14238715319554796	0.14406609468447504	0.14578302127496157	0.14739738809123762	0.14939160592310805	0.15030324836053452	0.15154915969168406	0.15437904975786207	0.1551121622179592	0.15555278939604866	0.1556857372515067	0.15578070000540528	0.15581108808665284	0.15581108808665284	0.15581108808665284
SC_296 - illumina_universal_adapter	0.00004349090054384888	0.00004349090054384888	0.00004349090054384888	0.00004349090054384888	0.00004349090054384888	0.00004349090054384888	0.00004349090054384888	0.00004349090054384888	0.00004832322282649875	0.00005315554510914863	0.00005315554510914863	0.00007248483423974813	0.00008698180108769776	0.00015463431304479602	0.00025128075869779355	0.00034309488206814114	0.0005847109962006349	0.000932638200551426	0.0012902300494675167	0.0019570905244731996	0.004991788917977321	0.01860444078820202	0.07678076874902387	0.08624728810073498	0.08911285521434635	0.08955742886435014	0.08996334393609273	0.09061087512196782	0.09277092318231231	0.09384369872906058	0.09599408214483977	0.10344552310468588	0.10453762794056476	0.10499186623513385	0.105045021780243	0.1050546864248083	0.1050546864248083	0.1050546864248083	0.1050546864248083
SC_298 - illumina_universal_adapter	0.000033831105423475785	0.000033831105423475785	0.000033831105423475785	0.000033831105423475785	0.000033831105423475785	0.000033831105423475785	0.000039469622994055084	0.000039469622994055084	0.000039469622994055084	0.000045108140564634384	0.000050746658135213684	0.00006766221084695157	0.00012404738655274455	0.00019734811497027543	0.000369322900872944	0.0006089598976225641	0.0011248842553305699	0.001598519731259231	0.002447116625631415	0.004158406708302232	0.009030085889282745	0.02594563860102064	0.0712793198684782	0.07853045346424317	0.08081969159789837	0.08129614633261231	0.08176696254975568	0.08251406612785744	0.08427892212744877	0.08580414113029046	0.0915948986752754	0.1053782548765565	0.10623530954728455	0.10661309022451336	0.10664128281236626	0.10668075243536032	0.10668639095293089	0.10668639095293089	0.10668639095293089
SC_301 - illumina_universal_adapter	0.00022341817000903405	0.00022341817000903405	0.00022341817000903405	0.00022341817000903405	0.00022341817000903405	0.00022341817000903405	0.00022341817000903405	0.00022341817000903405	0.00022341817000903405	0.00022341817000903405	0.00022720491865325495	0.0002612856564512432	0.00031430013747033605	0.0003824616130663125	0.0005187845642582655	0.0007043352478250904	0.0015109127090441456	0.0021887407163596897	0.0031278543801264765	0.004741009302564587	0.009455511364619628	0.035727973458224344	0.1400907660929528	0.1525491691324396	0.15592316217444044	0.15655554919802533	0.1570364662758414	0.15770293403722427	0.15851708499573178	0.15896013458710562	0.15949027939729654	0.16045590030157286	0.16061115699598594	0.1606944654661588	0.16069825221480302	0.16071718595802412	0.16071718595802412	0.16071718595802412	0.16071718595802412
SC_303 - illumina_universal_adapter	0.000036555274621500594	0.000036555274621500594	0.000036555274621500594	0.000036555274621500594	0.000036555274621500594	0.000036555274621500594	0.000036555274621500594	0.00004467866898183406	0.00006092545770250099	0.00008123394360333466	0.00009748073232400158	0.0001380977041256689	0.0002721337110711711	0.00046303347853900753	0.0008042160416730131	0.001368791949716189	0.0022217483575512026	0.0033915171454392216	0.005365501975000254	0.008094962480072299	0.016449873579675266	0.05093368263929083	0.13254536408038098	0.15079050781368994	0.15757760380174857	0.15901950630070774	0.16046547049684712	0.16236228307998496	0.16508768188787684	0.16679765640072705	0.16977894213096942	0.175518120246545	0.1764360638092627	0.17710218214681003	0.17726871173119688	0.17734994567480022	0.17735400737198037	0.17735400737198037	0.17735400737198037
SC_307 - illumina_universal_adapter	0.000038633078244268765	0.000038633078244268765	0.000038633078244268765	0.000038633078244268765	0.000038633078244268765	0.000038633078244268765	0.000038633078244268765	0.000038633078244268765	0.000046359693893122514	0.00005022300171754939	0.00006181292519083002	0.00006953954083968377	0.00013521577385494068	0.0002588416242366007	0.0005060933249999208	0.0008924241074426085	0.0015182799749997623	0.0025845529345415803	0.0043037249164115405	0.0063203716007623695	0.013251145837784186	0.04484527722594718	0.16461940970665362	0.18315169734042935	0.18994725580359623	0.19122601069348152	0.19219570095741267	0.19340105299863386	0.19605514547401512	0.1974884326768775	0.1988830868014956	0.20616542205054025	0.2072780547039752	0.2080391263453873	0.20817047881141781	0.20841000389653228	0.2084718168217231	0.2084718168217231	0.2084718168217231
SC_309 - illumina_universal_adapter	0.00030376135275968474	0.0003165963394960094	0.0003165963394960094	0.0003165963394960094	0.0003165963394960094	0.0003165963394960094	0.00032087466840811766	0.00032087466840811766	0.00032943132623233415	0.00032943132623233415	0.0003337096551444424	0.00039360625991395766	0.0004449462068592565	0.0006118010344314777	0.0009412323606638118	0.0012792203447203625	0.00225467933668104	0.0031017884612784706	0.00465482185637376	0.006511616604228734	0.013930238937824415	0.033781685090006626	0.10323607664917173	0.11873218396882776	0.1225997933053736	0.12326293428675038	0.12394318858377558	0.12463627786753712	0.1260909096976539	0.12678399898141546	0.12834558903433496	0.1323714965406288	0.13282499940531228	0.1331501524026325	0.13316726571828094	0.13321432733631414	0.13321860566522623	0.13321860566522623	0.13321860566522623
SC_312 - illumina_universal_adapter	0.000060314353585740594	0.000060314353585740594	0.000060314353585740594	0.000060314353585740594	0.000060314353585740594	0.000060314353585740594	0.000060314353585740594	0.00007237722430288871	0.00007237722430288871	0.00008041913811432079	0.00010454487954861702	0.00012464966407719724	0.00018898497456865386	0.00024929932815439447	0.0003739489922315917	0.0005428291822716653	0.0008484219071060844	0.0013108319512634289	0.002014499409763736	0.0033172894472157325	0.009630191789189915	0.03359911590416323	0.0852121187459343	0.09534895110524444	0.0983204382585686	0.09882707882868882	0.09915679729495754	0.09999717728825219	0.10122356914449558	0.10187496416322157	0.10297268539848206	0.10585571149988046	0.10661165139815507	0.10695745369204665	0.10696549560585808	0.10698560039038667	0.10698560039038667	0.10698560039038667	0.10698560039038667
SC_313 - illumina_universal_adapter	0.00002186575693456082	0.00002186575693456082	0.00002186575693456082	0.00002186575693456082	0.00002186575693456082	0.00002186575693456082	0.00002186575693456082	0.00002186575693456082	0.00002186575693456082	0.000029154342579414424	0.00004737580669154844	0.00008381873491581647	0.0001275502487849381	0.00020408039805590097	0.0003498521109529731	0.0005648653874761545	0.0010422677472140657	0.0016763746983163295	0.002868058451249894	0.004588164663435345	0.00999629521191672	0.03241598465548642	0.11087032053669063	0.12346499653099766	0.12806773836572272	0.12978055599226332	0.13119089731454248	0.13264132585786836	0.1355166728947631	0.13756112116814453	0.1425465137492244	0.15347574792368238	0.15498084085934466	0.15586275972237193	0.15595751133575503	0.1560887058773624	0.15611057163429695	0.15611057163429695	0.15611057163429695
SC_314 - illumina_universal_adapter	0.00016744658306918635	0.00016744658306918635	0.00016744658306918635	0.00016744658306918635	0.00016744658306918635	0.00016744658306918635	0.00016744658306918635	0.00019007449970015748	0.00019007449970015748	0.00023533033296209974	0.00023985591628829396	0.00034846991611695537	0.0004073024993574803	0.0005159164991861417	0.000941321331848399	0.0012400098313772178	0.0017468751639109711	0.0025976848292354857	0.003914629577158005	0.005779169907550026	0.013979526894613964	0.044635828346253646	0.10168080617293186	0.1213218378086148	0.1272820310492126	0.1294678877957644	0.13108804662654194	0.13321959637317943	0.13590326728561258	0.13756415636632588	0.1407637437779452	0.14777839793354625	0.15161156701083275	0.15426808442330878	0.15439932633976838	0.15451699150624945	0.15453961942288041	0.15453961942288041	0.15453961942288041
SC_315 - illumina_universal_adapter	0.00005209039976336533	0.00005209039976336533	0.00005209039976336533	0.00005209039976336533	0.00005209039976336533	0.00005209039976336533	0.00005209039976336533	0.00005209039976336533	0.00006811821507517005	0.00006811821507517005	0.00006811821507517005	0.00010418079952673066	0.0001402433839782913	0.00020435464522551016	0.00038466756748331327	0.0005649804897411163	0.0008895437498051619	0.0012461626404928169	0.0018031292225780308	0.0029571319250279705	0.007665302672870606	0.02700686880039095	0.07846016290511204	0.08988799522242881	0.09324181557642396	0.09391097686569179	0.09436776960207822	0.09522525772125978	0.09670382368377377	0.09773761777138518	0.09968499733176944	0.10336338094582863	0.10406860481954804	0.10439316807961208	0.10440518894109593	0.10442121675640774	0.10442121675640774	0.10442121675640774	0.10442121675640774
SC_318 - illumina_universal_adapter	0.0002302934152521423	0.0002302934152521423	0.0002302934152521423	0.0002302934152521423	0.0002302934152521423	0.0002302934152521423	0.0002302934152521423	0.0002302934152521423	0.0002302934152521423	0.0002302934152521423	0.00025808744812740085	0.00031367551387791794	0.0003891164602536198	0.0005161748962548017	0.0007027919741315377	0.0009291148132586431	0.0015127895036390728	0.002005140943143653	0.0028429325055264465	0.00445895698841648	0.010581585373223436	0.034766364550823416	0.13168018661072495	0.146951022387617	0.15179512526016206	0.15279571044367138	0.15341114974305212	0.1545308522103125	0.15627393512920373	0.15726657916046297	0.15881510384922737	0.16180891824750523	0.16246803388426137	0.16286509149676506	0.16289288552964032	0.162968326476016	0.16298023820439111	0.16298023820439111	0.16298023820439111
SC_319 - illumina_universal_adapter	0.00044686396455475034	0.00044686396455475034	0.00044686396455475034	0.00044686396455475034	0.0004521837736565926	0.0004521837736565926	0.0004521837736565926	0.0004681432009621194	0.00047878281916580395	0.00048410262826764617	0.0004947422464713307	0.0005638997647952801	0.0006702959468321255	0.0009522458292297656	0.0013512315118679355	0.0017768162400153167	0.0037717446532061663	0.004803787618963566	0.006149699321729659	0.009123472609659487	0.016326494133553915	0.040201797382622	0.1047310817879687	0.12023300551073705	0.12482400076562693	0.1257390079311438	0.12640398406887407	0.12735622989810386	0.129138365947221	0.13022892681309867	0.13262284090892767	0.13935239942275815	0.14044296028863582	0.14144308439978218	0.14154416077271717	0.14163991733655032	0.141650556954754	0.141650556954754	0.141650556954754
SC_321 - illumina_universal_adapter	0.00002111557020337968	0.00002111557020337968	0.00002111557020337968	0.00002111557020337968	0.00002111557020337968	0.00002111557020337968	0.00002111557020337968	0.000029561798284731555	0.00003378491232540749	0.00006756982465081498	0.00007601605273216686	0.00011824719313892622	0.00017737078970838933	0.00029139486880663964	0.0005067736848811124	0.0007263756149962611	0.0011149021067384472	0.0016343451337415874	0.002571876450771645	0.0038894880314625374	0.009126149441900698	0.030727377759958114	0.07671708966291906	0.0876634012563511	0.09120237082243753	0.09209344788502015	0.09279870792981303	0.0938207015276566	0.09533679946825926	0.09660373368046205	0.09886732280626435	0.10368167281263492	0.10499506127928514	0.10562008215730517	0.10567498263983396	0.10572566000832206	0.10572566000832206	0.10572566000832206	0.10572566000832206
SC_325 - illumina_universal_adapter	0.000004297566236669379	0.000004297566236669379	0.000004297566236669379	0.000004297566236669379	0.000008595132473338758	0.000008595132473338758	0.000008595132473338758	0.000008595132473338758	0.000008595132473338758	0.000030082963656685655	0.000042975662366693795	0.00009024889097005696	0.00012892698710008138	0.00028363937162017905	0.00069190816410377	0.0010142256318539735	0.0013236504008941688	0.0020843196247846488	0.0029868085344852188	0.004628478836892921	0.010980281734690265	0.034530944711638464	0.07959952183559024	0.09277585991721855	0.0962783764001041	0.09709491398507128	0.09774384648680837	0.09875807211866233	0.1001805665429999	0.10122917270474723	0.1026516671290848	0.10513995798011637	0.10585335397540348	0.10620145684057371	0.10624013493670373	0.10627021790036041	0.10627881303283375	0.10627881303283375	0.10627881303283375
SC_330 - illumina_universal_adapter	0.00005890009420390451	0.00005890009420390451	0.00005890009420390451	0.00005890009420390451	0.00005890009420390451	0.00005890009420390451	0.00005890009420390451	0.00005890009420390451	0.00007249242363557479	0.00019935416499783067	0.0002945004710195226	0.00045760842419956585	0.0006932088010151839	0.0010239554838524939	0.002111341838386116	0.0027094043333796077	0.0036925828289370907	0.005151492854603033	0.007163157610490234	0.009922400485119299	0.01841760637991322	0.047115544586646387	0.10244538692649885	0.12003386121108017	0.12533486968943158	0.12648568691464634	0.12769993501054222	0.12919509124802595	0.13064947049721465	0.13188637247549664	0.13397052965501943	0.13879580660326238	0.13986960062836432	0.14045407079392616	0.14050390933517562	0.1405401555469934	0.14057187098233395	0.14057187098233395	0.14057187098233395
SC_331 - illumina_universal_adapter	0.00006843533358139129	0.00006843533358139129	0.00006843533358139129	0.00006843533358139129	0.00006843533358139129	0.00006843533358139129	0.00006843533358139129	0.00007246094143912019	0.0000764865492968491	0.00009661458858549358	0.00012881945144732477	0.00021335721645963167	0.00032204862861831194	0.0005676107079397748	0.0009661458858549358	0.0014492188287824038	0.002359006204629135	0.0032567167569026796	0.004528808839945012	0.006811328495277298	0.013997038521323384	0.03858947692418923	0.08990390028665951	0.10239536146919229	0.1063525339933398	0.10738711521277612	0.10871556580582666	0.11063175514610561	0.11351006476438177	0.1168150888155772	0.1231674980150734	0.1384205261880082	0.14145986012059353	0.1430982825186892	0.14321905075442104	0.14331969095086428	0.14334787020586837	0.14334787020586837	0.14334787020586837
SC_345 - illumina_universal_adapter	0.0005635166931822478	0.0005635166931822478	0.0005635166931822478	0.0005635166931822478	0.0005635166931822478	0.0005635166931822478	0.0005635166931822478	0.0005635166931822478	0.0005998726088714252	0.0007816521873173115	0.0008361860608510775	0.0011452113442090843	0.0015087705011008572	0.0017450839530805094	0.002472202266864055	0.0032174985384921893	0.0065440648240519105	0.008125547156531122	0.009525249910564448	0.012542790912766161	0.021540880045837537	0.0526433659179287	0.13080858464965986	0.14598717944989137	0.1502589995433697	0.15078616032086278	0.15144056680326795	0.15207679532782856	0.1531311168828147	0.15360374378677402	0.15443992984762508	0.1563486154213069	0.15654857295759736	0.15662128478897572	0.1566394627468203	0.1566394627468203	0.1566394627468203	0.1566394627468203	0.1566394627468203
SC_346 - illumina_universal_adapter	0.003632264280907432	0.003632264280907432	0.003632264280907432	0.003632264280907432	0.003632264280907432	0.003632264280907432	0.003632264280907432	0.003632264280907432	0.003632264280907432	0.003632264280907432	0.003632264280907432	0.003632264280907432	0.003632264280907432	0.003632264280907432	0.004094552462113833	0.004754964149551548	0.005679540511964348	0.0067361992118646925	0.007924940249252579	0.009575969467846866	0.018359444910768474	0.04431362422707067	0.0998542471405825	0.12085533880110183	0.1287802790503544	0.13056339060643624	0.13181817281256789	0.1334692020311622	0.13584668410593795	0.13703542514332584	0.13842228968694506	0.1442999537051407	0.1466774357799165	0.14892283551720473	0.14931908252966736	0.1498474118796175	0.14997949421710505	0.14997949421710505	0.14997949421710505
SC_359 - illumina_universal_adapter	0.00039751659896811756	0.00040340573376764524	0.00040340573376764524	0.00040340573376764524	0.00040340573376764524	0.00040340573376764524	0.00040340573376764524	0.00040340573376764524	0.00040340573376764524	0.0004269622729657559	0.0004622970817629219	0.0005329666993572539	0.0006242482887499328	0.000797977765335999	0.001042376859516397	0.0014222260540859319	0.0018403546248523962	0.0022555386282190966	0.003124186011149428	0.004463964178041973	0.011898996862445653	0.05401514438126777	0.1374347388165772	0.15340607239289622	0.15842067067469404	0.158944803671852	0.15927165065322577	0.16004018274456414	0.16148007620304866	0.16207782338520071	0.16331748626050127	0.16508717126775935	0.16535807146853762	0.16548174329932772	0.1655141335407251	0.16552885637772394	0.16552885637772394	0.16552885637772394	0.16552885637772394
SC_360 - illumina_universal_adapter	0.00030589171555625995	0.00030589171555625995	0.00030589171555625995	0.00030589171555625995	0.00030589171555625995	0.00030589171555625995	0.00030589171555625995	0.0003130891676869955	0.000320286619817731	0.00032388534588309874	0.00032388534588309874	0.00034907642834067313	0.00038506368899435077	0.000442643306040235	0.00047503184062854485	0.0006621655960276686	0.0008708917078189989	0.0011371974366562135	0.0017057961549843202	0.0027422292618102364	0.007280222830238986	0.03042003143055371	0.10263566738428863	0.1155442977807628	0.12032700472163656	0.12113671808634431	0.12181687731269882	0.12318439321753856	0.1264412403066964	0.12934181351538282	0.1368559535398707	0.1619750614761377	0.16651305504456645	0.1703456983041831	0.17083152632300777	0.17113741803856403	0.1711842014774138	0.1711842014774138	0.1711842014774138
SC_363 - illumina_universal_adapter	0.0011249666331228246	0.0011249666331228246	0.0011249666331228246	0.0011249666331228246	0.0011249666331228246	0.0011249666331228246	0.0011249666331228246	0.0011249666331228246	0.0011249666331228246	0.0011249666331228246	0.0011331185652469031	0.0011534983955570992	0.0011738782258672953	0.001243169648921962	0.00135729669865906	0.0015488671035749034	0.002359984349920708	0.0029591513610404737	0.0039047754874335723	0.00542918679463624	0.01003095247867852	0.029640425203149204	0.09599715269314771	0.11209314267214059	0.11685794699866443	0.11773427970200286	0.11834975057737078	0.11940950175350099	0.12100728044982036	0.12204665179564035	0.12392974811630247	0.12890650267805237	0.13013744442878822	0.131258335095849	0.13138061407771018	0.13157626044868806	0.13163739993961865	0.13163739993961865	0.13163739993961865
SC_366 - illumina_universal_adapter	0.0003730950134623543	0.0003730950134623543	0.0003730950134623543	0.0003730950134623543	0.0003730950134623543	0.0003730950134623543	0.0003778177351517512	0.0003778177351517512	0.0003778177351517512	0.0003825404568411481	0.00039198590021994185	0.0004061540652881325	0.00041559950866692635	0.00042976767373511697	0.000472272168939689	0.0005194993858336579	0.0006092310979321988	0.0009209307294323935	0.001379034733303892	0.0024322016700393983	0.0065079104879889145	0.026839227360842526	0.08815904577597175	0.10337093233751912	0.10908542558168936	0.11037000588120532	0.11129093661063771	0.11277387122110834	0.11532414093338265	0.11737380214658091	0.11981072653830971	0.12658310944090484	0.13025738691525562	0.13327520607478024	0.13355384665445466	0.1339600007197428	0.1340639005969095	0.1340639005969095	0.1340639005969095
SC_371 - polya	0.0008665097126195726	0.000988660861535107	0.0011833392551192402	0.0034049632760205233	0.003817223403610452	0.004676098669422804	0.005466263913970168	0.007267993360474301	0.011260809040650833	0.01875020135853454	0.0321753760690325	0.0433140339607678	0.06163288907469436	0.07724915001886472	0.08572338597487993	0.09281578705878814	0.09654903154751916	0.09951119690872087	0.10085867677019536	0.10201911268489294	0.10271384734435005	0.10333605475913855	0.10356127093995156	0.10381702490799347	0.10387046603564401	0.10396589662073427	0.10400025163136677	0.1040117033015776	0.10401552052498121	0.10403460664199926	0.10406132720582453	0.10406896165263176	0.10407277887603536	0.10407277887603536	0.10408041332284258	0.1040842305462462	0.10409568221645703	0.10410331666326425	0.10417202668452924
SC_373 - illumina_universal_adapter	0.00018148122068624583	0.00018478087924417758	0.00018478087924417758	0.00018478087924417758	0.00018478087924417758	0.00018478087924417758	0.00018808053780210933	0.00018808053780210933	0.00018808053780210933	0.0001946798549179728	0.00021117814770763152	0.00023757541617108546	0.0002672723431924711	0.00032336653867731077	0.00040915766118353604	0.000564241613406328	0.0007358238584187786	0.001214274349318881	0.0020226906960121582	0.0034316449002490122	0.008836485618141206	0.0336697159251355	0.08533576962523072	0.10226301802742056	0.10921869826754067	0.11191121965081298	0.11416158678732242	0.11739195251553759	0.12250312362177386	0.12606675486434016	0.13125381811740885	0.14584160860202508	0.14947453267430794	0.1522462458629706	0.15261250796290102	0.15281048747637693	0.1528698813304197	0.1528698813304197	0.1528698813304197
SC_375 - illumina_universal_adapter	0.00014635871232434027	0.00014635871232434027	0.00015001768013244877	0.00015001768013244877	0.00015001768013244877	0.00015001768013244877	0.0001536766479405573	0.0001536766479405573	0.0001646535513648828	0.00016831251917299132	0.00017563045478920832	0.00020124322944596788	0.00023783290752705293	0.00027808155341624654	0.0003805326520432847	0.0005159144609432995	0.0007208166581973758	0.0009403547266838863	0.0014233384773542092	0.0024295546245840485	0.007398432907995401	0.030534086358665488	0.0958320258621699	0.10649059908718998	0.10968853695147682	0.11023372315488499	0.11065816342062557	0.11168633337470406	0.11452935136160437	0.11672107307866136	0.12095815780045102	0.13095811682001157	0.13250586020284147	0.13391822177677135	0.1339804242295092	0.13405360358567137	0.1340718984247119	0.1340718984247119	0.1340718984247119
SC_380 - illumina_universal_adapter	0.00019289654914765903	0.00019289654914765903	0.00019289654914765903	0.00019289654914765903	0.00019289654914765903	0.00019289654914765903	0.00019289654914765903	0.00019289654914765903	0.00019289654914765903	0.00019289654914765903	0.00020076987768429818	0.00021651653475757648	0.00022045319902589604	0.00023226319183085477	0.00026375650597741136	0.0003267431342705245	0.0004527163908567508	0.0006219929543944924	0.0010983293308611606	0.0017754355850121272	0.005452280011622608	0.022718489492472252	0.09948737938897223	0.1116910386207629	0.11593869936627972	0.11640322574994143	0.1168598788050665	0.11753304839494914	0.11923762402313152	0.12008007017655191	0.12191849238985715	0.13044530719503736	0.13157119317577676	0.13239789267212385	0.13247662595749024	0.13256323257139327	0.13258291589273488	0.13258291589273488	0.13258291589273488
SC_387 - illumina_universal_adapter	0.00012598455177426145	0.00012598455177426145	0.00012598455177426145	0.00012598455177426145	0.00012598455177426145	0.00012598455177426145	0.00012598455177426145	0.00012598455177426145	0.00012598455177426145	0.00013648326442211657	0.00013998283530473494	0.00016447983148306354	0.00018897682766139216	0.00020297511119186565	0.00028696481237470663	0.0003674549426749292	0.00048294078180133554	0.0006439210424017806	0.0009588824218374343	0.0016168017477696886	0.004664927986530292	0.020024544590342332	0.06833612062488897	0.07699755855936945	0.08047613201669211	0.08128453289057695	0.08189345822415256	0.08309031146600804	0.08604394929093795	0.08787072529166473	0.09278762238174355	0.11207375751585341	0.11414200390748086	0.11549983740993679	0.11564331981612415	0.11584979449819863	0.11596877990820766	0.11596877990820766	0.11596877990820766
SC_394 - illumina_universal_adapter	0.0002005700273110736	0.0002005700273110736	0.0002005700273110736	0.0002005700273110736	0.0002005700273110736	0.0002005700273110736	0.0002005700273110736	0.00020421675508036587	0.00021151021061895035	0.00021880366615753484	0.0002443307605425806	0.0002844447660047953	0.00038655314354497824	0.000499601704393038	0.0007001717317041116	0.0009372090367081076	0.001517038752025575	0.0018634778901083385	0.0025271823441195274	0.0036941352302930467	0.007862345070594086	0.025665670040278837	0.10239282230618772	0.11264742079343752	0.11598417670233993	0.11629414856272977	0.11659318023981173	0.11718395013843708	0.11864264124615398	0.11932093261124234	0.12128287215112156	0.13107798293944053	0.13232881056430779	0.13303262902378118	0.13314567758462925	0.13324413923440015	0.13327695978432377	0.13327695978432377	0.13327695978432377
SC_398 - illumina_universal_adapter	0.00011497610690599448	0.00011800179392983644	0.00011800179392983644	0.00011800179392983644	0.00011800179392983644	0.00011800179392983644	0.00011800179392983644	0.00011800179392983644	0.00011800179392983644	0.00012102748095367839	0.0001361559160728882	0.00014825866416825603	0.00016338709928746584	0.00019969534357356937	0.0002844145802411442	0.00038123656500408694	0.0005688291604822885	0.0007473446948889641	0.0012647371759659392	0.0022995221381198897	0.00727072591829223	0.031243244208192078	0.09569945487709736	0.10900945209497813	0.11332710747800061	0.11383239721098222	0.11426507045539161	0.11546021682980918	0.11833461950245905	0.11997151618235755	0.12310007656501014	0.13258257969773085	0.13417106538524787	0.13553262454597675	0.13571114008038343	0.1358230905002656	0.13585637305752785	0.13585637305752785	0.13585637305752785
SC_400 - illumina_universal_adapter	0.00022081314301908563	0.00022081314301908563	0.00022081314301908563	0.00022081314301908563	0.00022081314301908563	0.00022081314301908563	0.00022081314301908563	0.00022081314301908563	0.00022081314301908563	0.00022426334837875886	0.0002346139644577785	0.00024151437517712493	0.00027946663413353027	0.0003588213574060142	0.00046232751819621056	0.000631387580820198	0.0008970533935150354	0.001424934813545037	0.00229783676954236	0.004126445610169163	0.011202816802858923	0.04185789142355542	0.0985723671258637	0.11238698938599524	0.11680670245173663	0.11787626611323533	0.11883887340858415	0.12034316294540168	0.1229929206616307	0.1253114586633311	0.12901352901426047	0.141423917693005	0.14410127705211143	0.14594023650881724	0.14620935252687176	0.1463715121787764	0.14644396649132954	0.14644396649132954	0.14644396649132954
SC_403 - illumina_universal_adapter	0.00018996630433100616	0.00018996630433100616	0.00018996630433100616	0.00018996630433100616	0.00018996630433100616	0.00018996630433100616	0.00018996630433100616	0.00018996630433100616	0.00018996630433100616	0.00020183919835169403	0.00021766972371261122	0.0002335002490735284	0.0002572460371149042	0.0003047376131976557	0.00034431392659994863	0.00045512760412636893	0.0006253057517562286	0.0008706788948504449	0.0013218488676365846	0.002204400656507717	0.00696147352746333	0.03278897565379971	0.08630010900504001	0.09980354713790236	0.10412923819277298	0.10483765420267402	0.10528882417546016	0.10657109672969445	0.10866864134001598	0.10978865100930087	0.11190202614498332	0.11740709133924226	0.11934633069595461	0.12012994170132002	0.12016951801472231	0.1202367977475062	0.12024471301018666	0.12024471301018666	0.12024471301018666
SC_409 - illumina_universal_adapter	0.0002391663326445343	0.0002391663326445343	0.0002391663326445343	0.0002391663326445343	0.0002391663326445343	0.0002391663326445343	0.0002391663326445343	0.0002391663326445343	0.0002391663326445343	0.00025943466591949485	0.00026754199922947905	0.0002837566658494475	0.0003161859990893843	0.00040942033215420276	0.0005594059983889107	0.0007823576644134766	0.00105800699695294	0.0016214666619968428	0.0025619173259550116	0.003842875988932517	0.010138220304135259	0.03737075289237223	0.08987789707448499	0.10464945836527623	0.10925847735200225	0.11038134301543506	0.11121234467970845	0.11290677734149515	0.1158619003329844	0.1186832523248589	0.12384356997666385	0.13803545693579122	0.14032577859586176	0.14176077659172898	0.1419472452578586	0.1420039965910285	0.14202021125764847	0.14202021125764847	0.14202021125764847
SC_410 - illumina_universal_adapter	0.00020024653882692043	0.00020024653882692043	0.00020024653882692043	0.00020024653882692043	0.00020024653882692043	0.00020024653882692043	0.00020024653882692043	0.00020024653882692043	0.00020417294154901692	0.00021595214971530636	0.00023165776060369227	0.0002591425796583676	0.0002984066068793324	0.00032981782865610423	0.0004515363130410951	0.0006125188246470508	0.0008206181689181641	0.0012171848438499086	0.001794366043998091	0.0030272564987363854	0.008567410739614518	0.030708395689516565	0.10663717152941828	0.11924877707279218	0.12324978144660848	0.12391334350664279	0.12460046398300967	0.1257980168132491	0.12928073602774867	0.1320292179332162	0.13854312004917427	0.1552303316180843	0.1578924326636657	0.1594865521688369	0.15972606273488477	0.15984385481654767	0.15985563402471395	0.15985563402471395	0.15985563402471395
SC_417 - illumina_universal_adapter	0.00012562393732873015	0.0001286879358001626	0.0001286879358001626	0.0001286879358001626	0.0001286879358001626	0.0001286879358001626	0.0001286879358001626	0.0001286879358001626	0.0001286879358001626	0.0001286879358001626	0.00014094392968589235	0.0001440079281573248	0.00014707192662875723	0.00016851991592878435	0.0001807759098145141	0.0002236718884145683	0.0002818878593717847	0.00038606380740048774	0.0005607117202721369	0.0011704474160871932	0.004501013754534258	0.021095629475812366	0.08702674858409566	0.09641790389903611	0.0995156063536543	0.10011615005405507	0.1005543018354699	0.10132030145332802	0.10310354856370169	0.10403500409901716	0.10515642753956143	0.11060421682176831	0.11162759231122675	0.11223426400857037	0.11233537595812765	0.11243648790768491	0.11246099989545637	0.11246099989545637	0.11246099989545637
SC_429 - illumina_universal_adapter	0.00012115250408406984	0.00012493851983669702	0.00012493851983669702	0.00012493851983669702	0.00012493851983669702	0.00012493851983669702	0.00012493851983669702	0.00012493851983669702	0.00012493851983669702	0.00014008258284720575	0.00014008258284720575	0.00016658469311559603	0.00022716094515763097	0.00028773719719966587	0.00040888970128373573	0.0005716883786467046	0.001018438237456712	0.0014500440332562109	0.0023359717193709717	0.0038276619259060814	0.010324464957414327	0.04129407381390468	0.1343656990607387	0.1503388995210728	0.15465874349482042	0.15521907382620923	0.15559767540147196	0.1564116687882868	0.15797907930987445	0.15881200277545243	0.1604248454860716	0.168890376708946	0.16973087220602923	0.17027605847440755	0.1703669228524706	0.17042371308876	0.17046914527779153	0.17046914527779153	0.17046914527779153
SC_433 - illumina_universal_adapter	0.00003494978720385189	0.00003494978720385189	0.00003494978720385189	0.00003494978720385189	0.00003494978720385189	0.00003494978720385189	0.00003931851060433337	0.00003931851060433337	0.000048055957405296345	0.000052424680805777826	0.000056793404206259314	0.0000917431914101112	0.00013979914881540756	0.0001878551062207039	0.0002664921274293706	0.0003626040422399633	0.0007121019142784822	0.0010484936161155565	0.0016601148921829645	0.003346442124768818	0.009593716587457342	0.03757975869094174	0.13183933477973028	0.1453255839170166	0.1491045296584331	0.14968993859409763	0.1500962298703424	0.15116656710346038	0.15395818135636805	0.15520763624890574	0.1590652190115309	0.17210148963856764	0.17349511240332124	0.17443875665782524	0.17453486857263584	0.17463534921084692	0.17465282410444885	0.17465282410444885	0.17465282410444885
SC_439 - illumina_universal_adapter	0.00004457728972084475	0.00004457728972084475	0.00004457728972084475	0.00004457728972084475	0.00004457728972084475	0.00004457728972084475	0.00004457728972084475	0.00004457728972084475	0.00004457728972084475	0.00004457728972084475	0.00005200683800765221	0.0000631511604378634	0.00007801025701147832	0.0001263023208757268	0.00015973528816636036	0.00023403077103443496	0.0003417592211931431	0.0004197694782046214	0.0007206661838203236	0.0012593084346138642	0.004071392461170487	0.017697184019175367	0.06341119462790167	0.0714239624552235	0.074317771512935	0.07474497053942644	0.07494185356902684	0.07562165723726973	0.07763506482299454	0.07884979596788756	0.08333352835897587	0.10362733950439043	0.10580419715242502	0.10720838177863164	0.10749813416181712	0.10769130241727412	0.10776931267428559	0.10776931267428559	0.10776931267428559
SC_443 - illumina_universal_adapter	0.00003105594040551372	0.00003105594040551372	0.00003105594040551372	0.00003105594040551372	0.00003881992550689215	0.00003881992550689215	0.00003881992550689215	0.00003881992550689215	0.00004270191805758136	0.00005822988826033822	0.00008928582866585194	0.00013975173182481174	0.00019021763498377152	0.0002329195530413529	0.0003144413966058264	0.0004541931284306381	0.0006715847112692342	0.000920032234513344	0.0014130452884508742	0.002445655306934205	0.007771749086479808	0.033563707593258954	0.09514763741739266	0.10837358603759081	0.11233321843929381	0.11298927518036028	0.11354828210765953	0.11464300400695389	0.11809409538451661	0.1201826073767874	0.12652966519716427	0.14405686156352607	0.14585034212194448	0.1465607467587206	0.14665391457993715	0.1467160264607482	0.14673155443095093	0.14673155443095093	0.14673155443095093
SC_457 - illumina_universal_adapter	0.0000843225628943551	0.0000843225628943551	0.0000843225628943551	0.0000843225628943551	0.0000843225628943551	0.0000843225628943551	0.0000843225628943551	0.0000843225628943551	0.0000843225628943551	0.0000843225628943551	0.00010188976349734575	0.00013351072458272893	0.00018269888627110272	0.0002951289701302429	0.00043215313483356994	0.000653499862431252	0.001275378763777121	0.0017707738207814573	0.002361031761041943	0.0037628943691605968	0.009644393131041866	0.0306126037707715	0.09300075999223249	0.10601805563904855	0.10974581560700317	0.11032904666702247	0.11076471324197663	0.11146388782597566	0.11374411046424385	0.11516705371308608	0.12073936974435472	0.1496936297782039	0.15208276906021062	0.15318950269819903	0.15329139246169637	0.15334409406350535	0.15335463438386715	0.15335463438386715	0.15335463438386715
SC_458 - illumina_universal_adapter	0.00012842344806684184	0.00012842344806684184	0.00012842344806684184	0.00012842344806684184	0.00012842344806684184	0.00012842344806684184	0.00013644991357101945	0.00015250284457937467	0.00020066163760444036	0.0003210586201671046	0.0005177070250194562	0.000854818576194916	0.0013845652994706385	0.0021872118498884	0.0032186126671752235	0.004173762062172359	0.006200444601977207	0.007344215936322517	0.008776940028818223	0.01114073411979853	0.019098974667190634	0.05877780688709267	0.12373197897965002	0.1401260347719328	0.1446048025232639	0.14551580635798805	0.146190029460339	0.14736991988945308	0.1500266799713359	0.15075708833221604	0.15233428880378694	0.1552559222473076	0.15582178806535213	0.1561187672890067	0.15614284668551923	0.1561508731510234	0.1561588996165276	0.1561588996165276	0.1561588996165276
SC_459 - illumina_universal_adapter	0.00009169008202136287	0.00009627458612243102	0.00009627458612243102	0.00010085909022349915	0.00010085909022349915	0.00010085909022349915	0.00010085909022349915	0.00010085909022349915	0.00010085909022349915	0.0001054435943245673	0.00012836611482990802	0.0001787956599416576	0.0003071617747715656	0.0004401123937025418	0.0006280770618463357	0.0008664712751018792	0.002017181804469983	0.002553568784294956	0.0032412443994551776	0.004997109470164277	0.01155753483879279	0.03761585614926412	0.10602124184130189	0.12172316838746028	0.1254916307585383	0.12624348943111346	0.12660566525509787	0.12748130553840187	0.12938845924444622	0.13035120510567053	0.1324096474470501	0.14007952280813712	0.1419408314731708	0.14277062671546412	0.14286231679748548	0.1429173308466983	0.14292191535079937	0.14292191535079937	0.14292191535079937
SC_460 - illumina_universal_adapter	0.000016319192304423763	0.000016319192304423763	0.000016319192304423763	0.000016319192304423763	0.000016319192304423763	0.000016319192304423763	0.000016319192304423763	0.000016319192304423763	0.000016319192304423763	0.000016319192304423763	0.000020398990380529702	0.000024478788456635642	0.000032638384608847525	0.000048957576913271284	0.00012647374035928415	0.00016727172112034357	0.00031822424993626334	0.0004977353652849247	0.0008404384036778237	0.0014972858939308802	0.005960584989190779	0.0219778722359827	0.07353428052373347	0.0879114889439308	0.09146499306821908	0.09190969105851463	0.0922360749046031	0.09282764562563846	0.09434941030802597	0.09520616790400822	0.09747453563432312	0.10868990054553836	0.10998727633374004	0.11077059756435238	0.11081955514126567	0.11086851271817894	0.11088075211240725	0.11088075211240725	0.11088075211240725
SC_461 - illumina_universal_adapter	0.000045083025463230904	0.000045083025463230904	0.000045083025463230904	0.000045083025463230904	0.000045083025463230904	0.000045083025463230904	0.000045083025463230904	0.000045083025463230904	0.000045083025463230904	0.000052596863040436055	0.00005635378182903863	0.00007513837577205151	0.00009767988850366696	0.00016530442669851332	0.0003794487976488601	0.0005447532243473734	0.001070721854751734	0.0014727121651322095	0.002036249983422596	0.0031107287569629325	0.00921947870723072	0.026516332809956977	0.06966078817826896	0.08158900533208213	0.0846133249569072	0.08511299515579135	0.08554504081648064	0.08619123084812029	0.08846040979643624	0.08953864548876518	0.09251036825054981	0.1064861061441514	0.10804522744142146	0.10873274357973574	0.10875152817367875	0.10881163887429639	0.10883418038702801	0.10883418038702801	0.10883418038702801
SC_471 - polya	0.00286711448648458	0.0033180800642820265	0.004755303694335678	0.006361181117711952	0.009191631736082917	0.009825916654448433	0.011230142803199832	0.016440078462144316	0.024986426119427637	0.02956574324681797	0.03894436071028032	0.0480919958046269	0.06382812799898983	0.08143778385395843	0.09031777271107563	0.09986137758104924	0.10272482568072246	0.10447369218974183	0.10644987468106559	0.10694483690059937	0.10714648817522425	0.10731147558173551	0.10738480331796274	0.10745446466737861	0.10747646298824677	0.10749479492230359	0.10749846130911495	0.10752412601679447	0.10756445627171944	0.10760478652664442	0.10764511678156939	0.1076634487156262	0.10766711510243757	0.10767444787606029	0.10768911342330573	0.10770011258373982	0.1077111117441739	0.10771844451779662	0.10786876637706244
SC_473 - illumina_universal_adapter	0.00019356866766719418	0.00019356866766719418	0.00019356866766719418	0.00019356866766719418	0.00019356866766719418	0.00019356866766719418	0.00019356866766719418	0.00019690605848904236	0.00023027996670752413	0.00029702778314448763	0.0004071616802654774	0.000627429474507457	0.0009478189934048819	0.0013516432828485111	0.0018789510327005229	0.0024596570357021054	0.0033607525576011127	0.003964820296355633	0.004745769748668105	0.006254270400143481	0.011734266129618186	0.03418823157901271	0.09349032909243295	0.10447701967795714	0.10776768702829943	0.10817818609938676	0.10854863648061192	0.10906593205799837	0.11000373887893772	0.11043092490413428	0.11180259253191388	0.11572402674758549	0.11609781451963248	0.11623464754332825	0.1162713588423686	0.11629805796894338	0.11630473275058707	0.11630473275058707	0.11630473275058707
SC_484 - illumina_universal_adapter	0.00008485780377820886	0.00008485780377820886	0.00008485780377820886	0.00008485780377820886	0.00008485780377820886	0.00008485780377820886	0.00008485780377820886	0.00008485780377820886	0.00008485780377820886	0.00008485780377820886	0.00008932400397706195	0.00009825640437476814	0.00011165500497132744	0.0001875804083518301	0.00031710021411856994	0.0004510862200841629	0.0010584894471281842	0.001420251663235285	0.0020455196910747187	0.0032335289439696427	0.007489817733476645	0.02542161153187183	0.08760898310070236	0.09676469350835121	0.09926129941951009	0.0997838448427759	0.10018580286067269	0.10076194268632474	0.10191422233762884	0.1025841523674568	0.1039552758285047	0.10698782576352596	0.10756396558917801	0.10830088862198876	0.1083455506239773	0.10837681402536926	0.10838574642576697	0.10838574642576697	0.10838574642576697
SC_485 - illumina_universal_adapter	0.00005407591151500363	0.00005407591151500363	0.00005407591151500363	0.00005407591151500363	0.00005407591151500363	0.00005407591151500363	0.00005407591151500363	0.00005823559701615776	0.00007487433902077426	0.00007487433902077426	0.00007903402452192838	0.00008735339552423664	0.00009983245202769902	0.0001622277345450109	0.000266219872073864	0.00038269106610617956	0.0007237852772008179	0.0009900051492746818	0.0014850077239120228	0.0024375757036763177	0.007836847484174372	0.029933096866305086	0.11321000059941068	0.12802264066902053	0.13240694918723697	0.13295602767338932	0.13328880251348166	0.13399594904867784	0.1358303703546868	0.1365208781478784	0.13746512675664038	0.14005245113835826	0.1405640924550002	0.14069720239103714	0.14072632018954523	0.14077207673005793	0.14077207673005793	0.14077207673005793	0.14077207673005793
SC_486 - illumina_universal_adapter	0.00004194403030540078	0.00004613843333594085	0.00004613843333594085	0.00004613843333594085	0.00004613843333594085	0.00004613843333594085	0.00004613843333594085	0.00005033283636648093	0.00005452723939702101	0.00006291604545810117	0.00007549925454972139	0.00008808246364134163	0.00010905447879404201	0.0001342208969772825	0.00023069216667970428	0.0003691074666875268	0.0006836876939780327	0.0009269630697493572	0.0014302914334141665	0.002428559354682705	0.006589407160978462	0.029989981668361556	0.08107781058033971	0.09035583008389435	0.09346388272952455	0.09393365586894503	0.09440762341139607	0.09544783536297001	0.09870688651769964	0.10017073317535813	0.10478877091198276	0.11496858706710353	0.11730067515208381	0.11841638635820748	0.11850866322487935	0.11857157927033746	0.11857996807639853	0.11857996807639853	0.11857996807639853
SC_487 - illumina_universal_adapter	0.00003049445322667756	0.00003049445322667756	0.00003049445322667756	0.00003049445322667756	0.00003049445322667756	0.00003049445322667756	0.00003049445322667756	0.00003049445322667756	0.00003049445322667756	0.00003659334387201307	0.000042692234517348585	0.000051840570485351855	0.00007318668774402614	0.00013112614887471352	0.00017381838339206208	0.0002683511883947625	0.0006037901738882157	0.0009361797140590011	0.001625354356981914	0.002662165766688951	0.007340014891661289	0.024932264958131573	0.07563539233812835	0.08659509882779627	0.08975432418208006	0.09013245540209086	0.09049533939548833	0.09102899232695519	0.09237379771425167	0.09298978566943056	0.09403269596978292	0.10036639390496385	0.10103117298530542	0.1014123536506389	0.1014977381196736	0.10156787536209495	0.10158312258870829	0.10158312258870829	0.10158312258870829
SC_491 - illumina_universal_adapter	0.000013330691190339408	0.000013330691190339408	0.000013330691190339408	0.000013330691190339408	0.000013330691190339408	0.000013330691190339408	0.000013330691190339408	0.000013330691190339408	0.000013330691190339408	0.000013330691190339408	0.000013330691190339408	0.00003665940077343337	0.00003999207357101822	0.00007331880154686674	0.00012664156630822436	0.0001732989854744123	0.0003066058973778064	0.00045990884606670956	0.0007831781074324403	0.0014497126669494105	0.004525769659120229	0.0193828249907535	0.07515177158553842	0.08358343376342808	0.08648952444292209	0.08704274812732117	0.08743933619023377	0.08814586282332175	0.09041541299847704	0.09221838898197043	0.09774396048036613	0.11736340523974814	0.11912972182246812	0.11989956923871022	0.12000621476823294	0.12006953555138705	0.12006953555138705	0.12006953555138705	0.12006953555138705
SC_492 - illumina_universal_adapter	0.00011195970994713765	0.00011582038960048722	0.00011582038960048722	0.00011582038960048722	0.00011582038960048722	0.00011582038960048722	0.00011582038960048722	0.00012354174890718636	0.0001312631082138855	0.00013898446752058467	0.00014670582682728382	0.00016986990474738124	0.0002200587402409257	0.00028569029434786846	0.00045169951944190015	0.0007103650562163215	0.001069408263977832	0.0014786403072328867	0.0023048257530496954	0.003578850038655055	0.008003188921393668	0.03916659508323143	0.09571783064549598	0.10825345747992206	0.11298279005527528	0.11383986093831888	0.1146351609469089	0.1160134235831547	0.11944556779498247	0.12124850519309673	0.12374250424916054	0.13070717034380316	0.1320468261835155	0.13283054415314544	0.13290775774621244	0.13293478250378588	0.13295022522239927	0.13295022522239927	0.13295022522239927
SC_497 - illumina_universal_adapter	0.00014386497762788932	0.00014386497762788932	0.00014386497762788932	0.00014386497762788932	0.00014386497762788932	0.00014386497762788932	0.00014386497762788932	0.0001512426687882939	0.0001512426687882939	0.00016230920552890078	0.0001955088157507214	0.0002619080361943626	0.00035781802127962214	0.000545949145869939	0.0008189237188049084	0.0012136301958865536	0.0026744130456466605	0.003419559852847523	0.0044893250711061875	0.006839119705695046	0.015301331466679101	0.05127864241039204	0.1631502623211869	0.1803993042542128	0.18534973502284427	0.18613177028584718	0.1866371421303349	0.1876552635104707	0.19056945151883053	0.1918089036337785	0.1947304693332987	0.2037349413945725	0.20523999039129504	0.20610686910264256	0.206151135249605	0.2062802448449121	0.2063134444551339	0.2063134444551339	0.2063134444551339
SC_498 - illumina_universal_adapter	0.00006519172060546541	0.0000728613347943437	0.0000728613347943437	0.0000728613347943437	0.0000728613347943437	0.0000728613347943437	0.0000728613347943437	0.0000728613347943437	0.00008820056317210028	0.00010353979154985684	0.00013805305539980913	0.0002262536185719094	0.00028377572498849654	0.00037581109525503594	0.0005407078003159191	0.0007976398756433416	0.0014994095739257046	0.0020554566026193804	0.002856931285357161	0.004429202194077209	0.011051914046173608	0.047409720108551115	0.13671087291675543	0.1512869746827186	0.15606130951529534	0.15689346265478862	0.15742266603382124	0.1585155860557364	0.16184419861370958	0.16307133688393008	0.16687163071451927	0.17566484338206823	0.17677310263236115	0.17719109660565502	0.1772409490978827	0.17734065408233815	0.177348323696527	0.177348323696527	0.177348323696527
