Sample	% Duplication	Reads After Filtering	GC content	% PF	% Adapter	M Ref miRNA reads	IsomiR %	M IsomiR reads	M Reads	Error rate	Non-primary	Reads mapped	% Mapped	Total seqs	Seqs	Dups	GC	Avg len	Median len	Seqs
SC_284	98.33030000000001	24.454079999999998	49.362	99.50877317485987	99.37453402465404	6.413056999999999	0	0	6.413056999999999	.	.	.	.	.	.	98.77277191527548	49	26.508973512804406	28	24.454079999999998	
SC_284.raw	.	.	.	.	.	.	.	.	.	.	.	.	.	.	24.574797999999998	.	.	.	.	.	
SC_284_mature	.	.	.	.	.	.	.	.	.	0.1708307	0	8.003734	32.651809545178715	24.512375	.	.	.	.	.	.	
SC_284_mature_hairpin	.	.	.	.	.	.	.	.	.	3.5808560000000003	0	2.08559	12.533344438881656	16.640331	.	.	.	.	.	.	
SC_284_mature_hairpin_genome	.	.	.	.	.	.	.	.	.	3.4365010000000002	0	8.218701	56.20402056298113	14.622976999999999	.	.	.	.	.	.	
SC_286	98.0737	30.837021	46.097500000000004	99.57824989302539	99.34359839712613	13.084871	0	0	13.084871	.	.	.	.	.	.	98.6525674446175	46	24.249937177783806	22	30.837021	
SC_286.raw	.	.	.	.	.	.	.	.	.	.	.	.	.	.	30.967627	.	.	.	.	.	
SC_286_mature	.	.	.	.	.	.	.	.	.	0.1983827	0	16.329833	52.70556947675325	30.983126	.	.	.	.	.	.	
SC_286_mature_hairpin	.	.	.	.	.	.	.	.	.	3.619062	0	5.515836999999999	36.79480188021924	14.990805	.	.	.	.	.	.	
SC_286_mature_hairpin_genome	.	.	.	.	.	.	.	.	.	3.4472460000000003	0	4.007433	41.923456270410234	9.558928	.	.	.	.	.	.	
SC_287	98.0242	23.216020999999998	46.501	98.45297172197934	99.51703127579559	10.170683	0	0	10.170683	.	.	.	.	.	.	98.72799358988941	46	23.395975219009323	22	23.216020999999998	
SC_287.raw	.	.	.	.	.	.	.	.	.	.	.	.	.	.	23.580823	.	.	.	.	.	
SC_287_mature	.	.	.	.	.	.	.	.	.	0.21022800000000003	0	13.47128	57.65247641790538	23.366350999999998	.	.	.	.	.	.	
SC_287_mature_hairpin	.	.	.	.	.	.	.	.	.	3.409541	0	3.5846	35.17772178373012	10.189972	.	.	.	.	.	.	
SC_287_mature_hairpin_genome	.	.	.	.	.	.	.	.	.	3.4417410000000004	0	2.70851	40.523219636834895	6.683847	.	.	.	.	.	.	
SC_288	98.4714	26.865592	44.5261	98.57203763890224	99.39608391628919	16.182698	0	0	16.182698	.	.	.	.	.	.	99.01639612100686	44	22.44051003975643	22	26.865592	
SC_288.raw	.	.	.	.	.	.	.	.	.	.	.	.	.	.	27.25478	.	.	.	.	.	
SC_288_mature	.	.	.	.	.	.	.	.	.	0.1602335	0	19.216109	71.22257926793493	26.980361	.	.	.	.	.	.	
SC_288_mature_hairpin	.	.	.	.	.	.	.	.	.	3.6840909999999996	0	4.06956	50.94402474019181	7.988296999999999	.	.	.	.	.	.	
SC_288_mature_hairpin_genome	.	.	.	.	.	.	.	.	.	3.764822	0	1.061454	26.478659620352158	4.008715	.	.	.	.	.	.	
SC_290	98.2148	27.702091	48.4107	99.48708760462549	99.56244428290685	8.230557	0	0	8.230557	.	.	.	.	.	.	98.6839052368296	48	25.46228575308629	23	27.702091	
SC_290.raw	.	.	.	.	.	.	.	.	.	.	.	.	.	.	27.844911	.	.	.	.	.	
SC_290_mature	.	.	.	.	.	.	.	.	.	0.2436923	0	12.024348999999999	43.06913017997459	27.918718	.	.	.	.	.	.	
SC_290_mature_hairpin	.	.	.	.	.	.	.	.	.	3.13284	0	3.892693	23.823032256958978	16.34004	.	.	.	.	.	.	
SC_290_mature_hairpin_genome	.	.	.	.	.	.	.	.	.	3.287186	0	5.386944	43.022094355214136	12.521343	.	.	.	.	.	.	
SC_292	98.3305	27.236829	44.5163	98.24776852583739	99.48835233414133	15.220730999999999	0	0	15.220730999999999	.	.	.	.	.	.	98.90488107995358	44	22.533481522390144	22	27.236829	
SC_292.raw	.	.	.	.	.	.	.	.	.	.	.	.	.	.	27.722593	.	.	.	.	.	
SC_292_mature	.	.	.	.	.	.	.	.	.	0.1786364	0	18.956815	69.18817575420758	27.398923	.	.	.	.	.	.	
SC_292_mature_hairpin	.	.	.	.	.	.	.	.	.	3.398494	0	4.4728829999999995	51.106432357787746	8.752094	.	.	.	.	.	.	
SC_292_mature_hairpin_genome	.	.	.	.	.	.	.	.	.	3.8566589999999996	0	0.8955449999999999	20.528849779695594	4.362373	.	.	.	.	.	.	
SC_293	97.7612	23.497498999999998	43.2606	98.54648179503866	99.37675088031295	12.163468	0	0	12.163468	.	.	.	.	.	.	98.47876441562491	43	22.76915551735953	22	23.497498999999998	
SC_293.raw	.	.	.	.	.	.	.	.	.	.	.	.	.	.	23.844077	.	.	.	.	.	
SC_293_mature	.	.	.	.	.	.	.	.	.	0.18543500000000002	0	15.368091	65.07812971102229	23.614832	.	.	.	.	.	.	
SC_293_mature_hairpin	.	.	.	.	.	.	.	.	.	3.4387670000000004	0	3.4213039999999997	40.08366560610408	8.535407	.	.	.	.	.	.	
SC_293_mature_hairpin_genome	.	.	.	.	.	.	.	.	.	3.8552370000000002	0	1.549409	29.63858127397337	5.227676	.	.	.	.	.	.	
SC_294	97.4349	26.326110999999997	49.6921	90.1311620965106	99.4142081184328	7.182153	0	0	7.182153	.	.	.	.	.	.	98.48959855099318	49	22.552513472270935	22	26.326110999999997	
SC_294.raw	.	.	.	.	.	.	.	.	.	.	.	.	.	.	29.208667	.	.	.	.	.	
SC_294_mature	.	.	.	.	.	.	.	.	.	0.3193842	0	11.423661	42.85465889807889	26.656754	.	.	.	.	.	.	
SC_294_mature_hairpin	.	.	.	.	.	.	.	.	.	2.833587	0	4.005534	25.6270398131606	15.630108	.	.	.	.	.	.	
SC_294_mature_hairpin_genome	.	.	.	.	.	.	.	.	.	3.813213	0	1.712011	14.512770350532861	11.796583	.	.	.	.	.	.	
SC_296	98.5684	20.693984	45.7577	99.59213107016048	99.56942997585897	10.470492	0	0	10.470492	.	.	.	.	.	.	99.00035538705832	45	23.800143123721366	22	20.693984	
SC_296.raw	.	.	.	.	.	.	.	.	.	.	.	.	.	.	20.778734	.	.	.	.	.	
SC_296_mature	.	.	.	.	.	.	.	.	.	0.1742929	0	12.678516	61.01893136607347	20.778004	.	.	.	.	.	.	
SC_296_mature_hairpin	.	.	.	.	.	.	.	.	.	3.3552049999999998	0	2.785017	33.7094812390634	8.261821	.	.	.	.	.	.	
SC_296_mature_hairpin_genome	.	.	.	.	.	.	.	.	.	3.4221559999999998	0	3.048365	55.091833125709464	5.533243	.	.	.	.	.	.	
SC_298	98.4935	35.470316	47.7293	99.252476295043	99.41578951521515	13.685829	0	0	13.685829	.	.	.	.	.	.	98.98357862836785	47	24.86074265591544	22	35.470316	
SC_298.raw	.	.	.	.	.	.	.	.	.	.	.	.	.	.	35.737462	.	.	.	.	.	
SC_298_mature	.	.	.	.	.	.	.	.	.	0.2015142	0	17.360004999999997	48.72433223406107	35.629025999999996	.	.	.	.	.	.	
SC_298_mature_hairpin	.	.	.	.	.	.	.	.	.	3.400741	0	3.9759719999999996	21.42756209644519	18.55541	.	.	.	.	.	.	
SC_298_mature_hairpin_genome	.	.	.	.	.	.	.	.	.	3.3607940000000003	0	7.7129129999999995	52.48789865699421	14.69465	.	.	.	.	.	.	
SC_301	98.738	26.407878999999998	43.7084	99.15102484625382	99.37979262968248	17.93911	0	0	17.93911	.	.	.	.	.	.	99.18117592754612	43	22.254961445408018	22	26.407878999999998	
SC_301.raw	.	.	.	.	.	.	.	.	.	.	.	.	.	.	26.633995	.	.	.	.	.	
SC_301_mature	.	.	.	.	.	.	.	.	.	0.15082610000000002	0	21.145107	79.74902774188556	26.514564	.	.	.	.	.	.	
SC_301_mature_hairpin	.	.	.	.	.	.	.	.	.	3.487553	0	3.363956	60.16428426815737	5.591284	.	.	.	.	.	.	
SC_301_mature_hairpin_genome	.	.	.	.	.	.	.	.	.	4.265068	0	0.338174	14.810120706070515	2.283398	.	.	.	.	.	.	
SC_303	97.5081	24.62025	45.663399999999996	98.9675959584006	99.35772209940058	10.906087999999999	0	0	10.906087999999999	.	.	.	.	.	.	98.28737932709825	45	23.148551537860094	22	24.62025	
SC_303.raw	.	.	.	.	.	.	.	.	.	.	.	.	.	.	24.877081999999998	.	.	.	.	.	
SC_303_mature	.	.	.	.	.	.	.	.	.	0.2667618	0	14.743704999999999	59.5040225951917	24.777661	.	.	.	.	.	.	
SC_303_mature_hairpin	.	.	.	.	.	.	.	.	.	3.317936	0	4.359563	42.316363999918465	10.30231	.	.	.	.	.	.	
SC_303_mature_hairpin_genome	.	.	.	.	.	.	.	.	.	3.7126010000000003	0	1.565736	25.80629849076923	6.067263	.	.	.	.	.	.	
SC_307	98.229	25.884553999999998	44.9654	99.37551481031657	99.29244258935168	14.499245	0	0	14.499245	.	.	.	.	.	.	98.7867704069554	44	23.252084544319366	22	25.884553999999998	
SC_307.raw	.	.	.	.	.	.	.	.	.	.	.	.	.	.	26.047214999999998	.	.	.	.	.	
SC_307_mature	.	.	.	.	.	.	.	.	.	0.1677557	0	17.469805	67.26533741894283	25.971481999999998	.	.	.	.	.	.	
SC_307_mature_hairpin	.	.	.	.	.	.	.	.	.	3.497019	0	3.494741	40.068850150885595	8.72184	.	.	.	.	.	.	
SC_307_mature_hairpin_genome	.	.	.	.	.	.	.	.	.	3.7143450000000002	0	1.610746	30.30839467940761	5.314521	.	.	.	.	.	.	
SC_309	98.1541	23.373611999999998	45.1142	98.82111981145628	99.03854764111924	11.969351999999999	0	0	11.969351999999999	.	.	.	.	.	.	98.72781142979498	45	23.004470468663552	22	23.373611999999998	
SC_309.raw	.	.	.	.	.	.	.	.	.	.	.	.	.	.	23.652445999999998	.	.	.	.	.	
SC_309_mature	.	.	.	.	.	.	.	.	.	0.2488353	0	15.686563	66.7432261630864	23.502854	.	.	.	.	.	.	
SC_309_mature_hairpin	.	.	.	.	.	.	.	.	.	3.275139	0	3.2410069999999997	40.10536762349296	8.08123	.	.	.	.	.	.	
SC_309_mature_hairpin_genome	.	.	.	.	.	.	.	.	.	3.6067139999999998	0	1.441141	29.266125712619328	4.924263	.	.	.	.	.	.	
SC_312	98.4555	24.869702	44.7913	99.10701793292642	99.58828849454157	12.215062999999999	0	0	12.215062999999999	.	.	.	.	.	.	98.92508633959729	44	22.94487187663125	22	24.869702	
SC_312.raw	.	.	.	.	.	.	.	.	.	.	.	.	.	.	25.093785	.	.	.	.	.	
SC_312_mature	.	.	.	.	.	.	.	.	.	0.22233589999999998	0	16.636872	66.32634535237992	25.083354	.	.	.	.	.	.	
SC_312_mature_hairpin	.	.	.	.	.	.	.	.	.	3.388413	0	4.644280999999999	52.15605170683379	8.904587	.	.	.	.	.	.	
SC_312_mature_hairpin_genome	.	.	.	.	.	.	.	.	.	3.5534540000000003	0	1.5077	35.04539839995686	4.302134	.	.	.	.	.	.	
SC_313	97.9027	27.440165999999998	46.3313	99.47912624067648	99.49971800521051	12.478702	0	0	12.478702	.	.	.	.	.	.	98.40322318194144	46	24.286148924900818	22	27.440165999999998	
SC_313.raw	.	.	.	.	.	.	.	.	.	.	.	.	.	.	27.583842999999998	.	.	.	.	.	
SC_313_mature	.	.	.	.	.	.	.	.	.	0.14944949999999999	0	14.89724	54.08836968472875	27.542409	.	.	.	.	.	.	
SC_313_mature_hairpin	.	.	.	.	.	.	.	.	.	3.429907	0	3.405941	26.44432910328025	12.879665	.	.	.	.	.	.	
SC_313_mature_hairpin_genome	.	.	.	.	.	.	.	.	.	3.458294	0	3.8257429999999997	39.93186077227519	9.580677999999999	.	.	.	.	.	.	
SC_314	97.7282	22.096598999999998	46.8297	99.11339959254086	99.27817743221799	7.607393	0	0	7.607393	.	.	.	.	.	.	98.40390868887438	46	24.39703639460534	22	22.096598999999998	
SC_314.raw	.	.	.	.	.	.	.	.	.	.	.	.	.	.	22.294259999999998	.	.	.	.	.	
SC_314_mature	.	.	.	.	.	.	.	.	.	0.2898157	0	11.126071999999999	49.760245810266746	22.359358999999998	.	.	.	.	.	.	
SC_314_mature_hairpin	.	.	.	.	.	.	.	.	.	2.8862140000000003	0	4.087514	35.02382811743563	11.670665999999999	.	.	.	.	.	.	
SC_314_mature_hairpin_genome	.	.	.	.	.	.	.	.	.	3.4154530000000003	0	2.679436	35.073194708330526	7.639555	.	.	.	.	.	.	
SC_315	98.1441	24.956614	45.9548	99.21431557859792	99.56427238708437	10.690609	0	0	10.690609	.	.	.	.	.	.	98.73556716331171	45	23.343326141919732	22	24.956614	
SC_315.raw	.	.	.	.	.	.	.	.	.	.	.	.	.	.	25.154246999999998	.	.	.	.	.	
SC_315_mature	.	.	.	.	.	.	.	.	.	0.2795731	0	14.134369	56.21155242519036	25.144954	.	.	.	.	.	.	
SC_315_mature_hairpin	.	.	.	.	.	.	.	.	.	3.7028619999999997	0	5.488459	48.30097403511736	11.36304	.	.	.	.	.	.	
SC_315_mature_hairpin_genome	.	.	.	.	.	.	.	.	.	3.439466	0	2.138741	35.95814160480831	5.947863	.	.	.	.	.	.	
SC_318	98.45429999999999	25.185261999999998	44.229600000000005	99.1601808669183	99.45731971303574	14.139299	0	0	14.139299	.	.	.	.	.	.	98.96004214126242	44	22.854977565847836	22	25.185261999999998	
SC_318.raw	.	.	.	.	.	.	.	.	.	.	.	.	.	.	25.398564	.	.	.	.	.	
SC_318_mature	.	.	.	.	.	.	.	.	.	0.17348629999999998	0	17.082694999999998	67.43836807526009	25.330824999999997	.	.	.	.	.	.	
SC_318_mature_hairpin	.	.	.	.	.	.	.	.	.	3.4620659999999996	0	4.627371999999999	53.89189435335916	8.586397	.	.	.	.	.	.	
SC_318_mature_hairpin_genome	.	.	.	.	.	.	.	.	.	3.730817	0	1.221577	30.36649540031903	4.022779	.	.	.	.	.	.	
SC_319	98.40820000000001	18.797667	46.8491	98.29702280454981	99.51183195941837	8.189885	0	0	8.189885	.	.	.	.	.	.	98.97344051334359	46	23.764310485976797	22	18.797667	
SC_319.raw	.	.	.	.	.	.	.	.	.	.	.	.	.	.	19.123333	.	.	.	.	.	
SC_319_mature	.	.	.	.	.	.	.	.	.	0.2185854	0	10.635069999999999	56.288000435269836	18.894026999999998	.	.	.	.	.	.	
SC_319_mature_hairpin	.	.	.	.	.	.	.	.	.	3.292249	0	2.694449	31.963315455127912	8.429817	.	.	.	.	.	.	
SC_319_mature_hairpin_genome	.	.	.	.	.	.	.	.	.	3.2239120000000003	0	2.131379	36.746089159710685	5.800288	.	.	.	.	.	.	
SC_321	98.0277	23.679209	46.4192	98.99063386890393	99.5495441262146	9.61664	0	0	9.61664	.	.	.	.	.	.	98.58634081319772	46	23.664538963273646	22	23.679209	
SC_321.raw	.	.	.	.	.	.	.	.	.	.	.	.	.	.	23.920655999999997	.	.	.	.	.	
SC_321_mature	.	.	.	.	.	.	.	.	.	0.20429670000000003	0	13.052914	54.63001304717113	23.893302	.	.	.	.	.	.	
SC_321_mature_hairpin	.	.	.	.	.	.	.	.	.	3.410442	0	4.819712	42.74562509633861	11.275333999999999	.	.	.	.	.	.	
SC_321_mature_hairpin_genome	.	.	.	.	.	.	.	.	.	3.416592	0	2.37782	36.43287493078302	6.526578	.	.	.	.	.	.	
SC_325	98.045	23.268984	45.9998	98.69410168625407	99.5877655366865	9.554782	0	0	9.554782	.	.	.	.	.	.	98.62939211285305	46	22.990140480564172	22	23.268984	
SC_325.raw	.	.	.	.	.	.	.	.	.	.	.	.	.	.	23.576874	.	.	.	.	.	
SC_325_mature	.	.	.	.	.	.	.	.	.	0.287163	0	14.224822999999999	60.2918492416293	23.593277	.	.	.	.	.	.	
SC_325_mature_hairpin	.	.	.	.	.	.	.	.	.	3.1990360000000004	0	5.215807	52.58868190403481	9.918116999999999	.	.	.	.	.	.	
SC_325_mature_hairpin_genome	.	.	.	.	.	.	.	.	.	3.6829340000000004	0	1.37217	28.802806036504926	4.764015	.	.	.	.	.	.	
SC_330	97.93220000000001	22.071272	46.3848	98.00518327400594	99.47744090221737	8.755213999999999	0	0	8.755213999999999	.	.	.	.	.	.	98.56438450021297	46	23.235671011620898	22	22.071272	
SC_330.raw	.	.	.	.	.	.	.	.	.	.	.	.	.	.	22.520515	.	.	.	.	.	
SC_330_mature	.	.	.	.	.	.	.	.	.	0.2584758	0	12.882717999999999	57.7495956251897	22.307893	.	.	.	.	.	.	
SC_330_mature_hairpin	.	.	.	.	.	.	.	.	.	2.976097	0	4.228162	42.94823239954303	9.844787	.	.	.	.	.	.	
SC_330_mature_hairpin_genome	.	.	.	.	.	.	.	.	.	3.51808	0	1.5336509999999999	26.961196576027834	5.688364	.	.	.	.	.	.	
SC_331	98.2846	24.840968999999998	48.3884	98.5851127602616	99.48961969815639	8.034654999999999	0	0	8.034654999999999	.	.	.	.	.	.	98.79395788186751	48	25.101464359139936	22	24.840968999999998	
SC_331.raw	.	.	.	.	.	.	.	.	.	.	.	.	.	.	25.197485	.	.	.	.	.	
SC_331_mature	.	.	.	.	.	.	.	.	.	0.2306309	0	10.694970999999999	42.79383136551865	24.991851999999998	.	.	.	.	.	.	
SC_331_mature_hairpin	.	.	.	.	.	.	.	.	.	3.267321	0	3.2710559999999997	22.467392616837024	14.559126	.	.	.	.	.	.	
SC_331_mature_hairpin_genome	.	.	.	.	.	.	.	.	.	3.2587610000000002	0	5.319405	46.823229842127326	11.360610999999999	.	.	.	.	.	.	
SC_334	97.73190000000001	27.973519	47.0544	99.56562884424648	99.62234955433168	9.114916	0	0	9.114916	.	.	.	.	.	.	98.26705620597497	47	25.07842781596409	23	27.973519	
SC_334.raw	.	.	.	.	.	.	.	.	.	.	.	.	.	.	28.095558	.	.	.	.	.	
SC_334_mature	.	.	.	.	.	.	.	.	.	0.24721220000000002	0	12.556897999999999	44.537340981744755	28.19409	.	.	.	.	.	.	
SC_334_mature_hairpin	.	.	.	.	.	.	.	.	.	3.006318	0	5.136883	31.966729201410356	16.069467	.	.	.	.	.	.	
SC_334_mature_hairpin_genome	.	.	.	.	.	.	.	.	.	3.2492060000000005	0	4.784762	43.37208491779244	11.031893	.	.	.	.	.	.	
SC_337	97.9029	16.231607	46.4037	99.52866834751063	99.44354082423654	7.12925	0	0	7.12925	.	.	.	.	.	.	98.4605826658941	46	24.26886068643727	22	16.231607	
SC_337.raw	.	.	.	.	.	.	.	.	.	.	.	.	.	.	16.308474	.	.	.	.	.	
SC_337_mature	.	.	.	.	.	.	.	.	.	0.1703584	0	8.812419	54.128030414428274	16.280694	.	.	.	.	.	.	
SC_337_mature_hairpin	.	.	.	.	.	.	.	.	.	3.3339969999999997	0	1.772336	23.323466605008935	7.598939	.	.	.	.	.	.	
SC_337_mature_hairpin_genome	.	.	.	.	.	.	.	.	.	3.413904	0	2.208061	37.66932602259244	5.861695	.	.	.	.	.	.	
SC_340	98.3676	26.093754999999998	47.7265	99.37659207220688	99.60904803917335	8.970775	0	0	8.970775	.	.	.	.	.	.	98.78454230121866	47	25.2190491556313	22	26.093754999999998	
SC_340.raw	.	.	.	.	.	.	.	.	.	.	.	.	.	.	26.257445999999998	.	.	.	.	.	
SC_340_mature	.	.	.	.	.	.	.	.	.	0.3526267	0	11.452686	43.73419207905593	26.18703	.	.	.	.	.	.	
SC_340_mature_hairpin	.	.	.	.	.	.	.	.	.	3.620963	0	3.322263	22.21098538436303	14.957747	.	.	.	.	.	.	
SC_340_mature_hairpin_genome	.	.	.	.	.	.	.	.	.	3.365948	0	6.785632	58.02783263612352	11.693754	.	.	.	.	.	.	
SC_343	98.6832	20.20692	49.134	99.70647485763017	99.41671456612906	4.917578	0	0	4.917578	.	.	.	.	.	.	99.01506362024087	49	27.405585809217833	30	20.20692	
SC_343.raw	.	.	.	.	.	.	.	.	.	.	.	.	.	.	20.266406999999997	.	.	.	.	.	
SC_343_mature	.	.	.	.	.	.	.	.	.	0.1784804	0	5.966144	29.46994306303373	20.244844	.	.	.	.	.	.	
SC_343_mature_hairpin	.	.	.	.	.	.	.	.	.	3.560253	0	1.363224	9.479145690346684	14.381295999999999	.	.	.	.	.	.	
SC_343_mature_hairpin_genome	.	.	.	.	.	.	.	.	.	3.3846689999999997	0	8.740107	66.97417962423654	13.049965	.	.	.	.	.	.	
SC_344	98.30630000000001	22.456936	46.566	99.28883840747447	99.43065158679332	9.089113	0	0	9.089113	.	.	.	.	.	.	98.78599901152613	46	24.590855805084008	22	22.456936	
SC_344.raw	.	.	.	.	.	.	.	.	.	.	.	.	.	.	22.617784999999998	.	.	.	.	.	
SC_344_mature	.	.	.	.	.	.	.	.	.	0.21073760000000002	0	12.059312	53.39293848286688	22.585967999999998	.	.	.	.	.	.	
SC_344_mature_hairpin	.	.	.	.	.	.	.	.	.	3.434898	0	2.812683	26.114125555417118	10.770734	.	.	.	.	.	.	
SC_344_mature_hairpin_genome	.	.	.	.	.	.	.	.	.	3.329773	0	3.0467899999999997	38.042780663196176	8.008852	.	.	.	.	.	.	
SC_345	97.34429999999999	5.501168	44.9574	96.1424479625886	98.79386070309249	3.068232	0	0	3.068232	.	.	.	.	.	.	98.03134535524373	44	22.483716912481132	22	5.501168	
SC_345.raw	.	.	.	.	.	.	.	.	.	.	.	.	.	.	5.721893	.	.	.	.	.	
SC_345_mature	.	.	.	.	.	.	.	.	.	0.194875	0	3.988391	72.06689566321968	5.5342899999999995	.	.	.	.	.	.	
SC_345_mature_hairpin	.	.	.	.	.	.	.	.	.	3.409408	0	0.8499369999999999	52.87328506785079	1.6074979999999999	.	.	.	.	.	.	
SC_345_mature_hairpin_genome	.	.	.	.	.	.	.	.	.	4.201028	0	0.127582	16.430435107366666	0.7764979999999999	.	.	.	.	.	.	
SC_346	94.311	1.5142069999999999	47.8214	98.50788117956495	98.0120912628168	0.47749899999999995	0	0	0.47749899999999995	.	.	.	.	.	.	95.17225848249282	47	24.942083215835087	22	1.5142069999999999	
SC_346.raw	.	.	.	.	.	.	.	.	.	.	.	.	.	.	1.537143	.	.	.	.	.	
SC_346_mature	.	.	.	.	.	.	.	.	.	0.2615282	0	0.7704829999999999	50.616244198383264	1.522205	.	.	.	.	.	.	
SC_346_mature_hairpin	.	.	.	.	.	.	.	.	.	3.599351	0	0.220717	28.601436570476313	0.7716989999999999	.	.	.	.	.	.	
SC_346_mature_hairpin_genome	.	.	.	.	.	.	.	.	.	3.663677	0	0.091722	16.462564277445235	0.557155	.	.	.	.	.	.	
SC_350	98.14920000000001	21.238362	49.871900000000004	99.47721255156388	99.56356393264498	4.174281	0	0	4.174281	.	.	.	.	.	.	98.5867345036289	49	27.34412988157938	30	21.238362	
SC_350.raw	.	.	.	.	.	.	.	.	.	.	.	.	.	.	21.349977	.	.	.	.	.	
SC_350_mature	.	.	.	.	.	.	.	.	.	0.2166632	0	5.626041	26.410809782105837	21.302039	.	.	.	.	.	.	
SC_350_mature_hairpin	.	.	.	.	.	.	.	.	.	3.1663910000000004	0	1.865905	11.776665438448138	15.844085999999999	.	.	.	.	.	.	
SC_350_mature_hairpin_genome	.	.	.	.	.	.	.	.	.	3.341442	0	7.3485689999999995	52.420018759321074	14.018631	.	.	.	.	.	.	
SC_359	98.7817	33.960846	44.489000000000004	98.87307589882951	99.45639795782691	18.787800999999998	0	0	18.787800999999998	.	.	.	.	.	.	99.19164186613727	44	22.328040591214954	22	33.960846	
SC_359.raw	.	.	.	.	.	.	.	.	.	.	.	.	.	.	34.347921	.	.	.	.	.	
SC_359_mature	.	.	.	.	.	.	.	.	.	0.19956790000000002	0	24.559803	71.84716896334206	34.183397	.	.	.	.	.	.	
SC_359_mature_hairpin	.	.	.	.	.	.	.	.	.	3.4589670000000003	0	6.897759	68.83115172470569	10.021275	.	.	.	.	.	.	
SC_359_mature_hairpin_genome	.	.	.	.	.	.	.	.	.	3.887028	0	0.7729779999999999	24.260961213371342	3.186098	.	.	.	.	.	.	
SC_360	98.6912	27.787611	48.9156	99.5411328826456	99.30733618890612	9.18088	0	0	9.18088	.	.	.	.	.	.	99.04757957913976	48	26.49584734002502	24	27.787611	
SC_360.raw	.	.	.	.	.	.	.	.	.	.	.	.	.	.	27.915706999999998	.	.	.	.	.	
SC_360_mature	.	.	.	.	.	.	.	.	.	0.1755031	0	11.191408	40.19627104552397	27.841905999999998	.	.	.	.	.	.	
SC_360_mature_hairpin	.	.	.	.	.	.	.	.	.	3.358643	0	2.586814	15.364316087910401	16.836506	.	.	.	.	.	.	
SC_360_mature_hairpin_genome	.	.	.	.	.	.	.	.	.	3.3967160000000005	0	6.393637	44.73187859020118	14.293244999999999	.	.	.	.	.	.	
SC_363	98.6705	24.534060999999998	46.042899999999996	99.11837627260483	99.39962305699235	11.960593	0	0	11.960593	.	.	.	.	.	.	99.10241288488295	46	23.83258686770201	22	24.534060999999998	
SC_363.raw	.	.	.	.	.	.	.	.	.	.	.	.	.	.	24.752283	.	.	.	.	.	
SC_363_mature	.	.	.	.	.	.	.	.	.	0.19804509999999997	0	15.283541999999999	62.048870105502075	24.631459	.	.	.	.	.	.	
SC_363_mature_hairpin	.	.	.	.	.	.	.	.	.	3.436797	0	3.172307	32.98951093311348	9.616107999999999	.	.	.	.	.	.	
SC_363_mature_hairpin_genome	.	.	.	.	.	.	.	.	.	3.4678599999999995	0	1.7853599999999998	27.44622623613015	6.504938	.	.	.	.	.	.	
SC_366	98.1885	21.174231	47.3181	99.66408570848418	99.34609512991821	7.973901	0	0	7.973901	.	.	.	.	.	.	98.73657649482642	47	25.2332317050853	22	21.174231	
SC_366.raw	.	.	.	.	.	.	.	.	.	.	.	.	.	.	21.245597999999998	.	.	.	.	.	
SC_366_mature	.	.	.	.	.	.	.	.	.	0.2067531	0	10.855919	51.10711327724785	21.241502999999998	.	.	.	.	.	.	
SC_366_mature_hairpin	.	.	.	.	.	.	.	.	.	3.694741	0	2.6922859999999997	25.306707839903385	10.638626	.	.	.	.	.	.	
SC_366_mature_hairpin_genome	.	.	.	.	.	.	.	.	.	3.586114	0	1.950351	24.379698341153848	7.999898	.	.	.	.	.	.	
SC_371	97.57820000000001	26.197052	48.9746	99.43619029081565	99.46962282986934	6.282442	0	0	6.282442	.	.	.	.	.	.	98.29498422741932	48	25.5476594083945	23	26.197052	
SC_371.raw	.	.	.	.	.	.	.	.	.	.	.	.	.	.	26.345591	.	.	.	.	.	
SC_371_mature	.	.	.	.	.	.	.	.	.	0.25426580000000004	0	10.311186	39.20971434236274	26.297528999999997	.	.	.	.	.	.	
SC_371_mature_hairpin	.	.	.	.	.	.	.	.	.	3.874458	0	3.884222	23.36150145964952	16.626594	.	.	.	.	.	.	
SC_371_mature_hairpin_genome	.	.	.	.	.	.	.	.	.	3.8637530000000004	0	1.323766	10.279240192597436	12.878053	.	.	.	.	.	.	
SC_372	96.3796	2.960399	50.0403	99.16574660403094	99.23431583517123	0.6349469999999999	0	0	0.6349469999999999	.	.	.	.	.	.	97.01800331644485	50	25.941142731098072	23	2.960399	
SC_372.raw	.	.	.	.	.	.	.	.	.	.	.	.	.	.	2.9853039999999997	.	.	.	.	.	
SC_372_mature	.	.	.	.	.	.	.	.	.	0.193377	0	1.000037	33.64575626637436	2.972253	.	.	.	.	.	.	
SC_372_mature_hairpin	.	.	.	.	.	.	.	.	.	3.488791	0	0.278775	13.878420506060158	2.0086939999999998	.	.	.	.	.	.	
SC_372_mature_hairpin_genome	.	.	.	.	.	.	.	.	.	3.3765400000000003	0	0.46636099999999997	26.744870221477974	1.7437399999999998	.	.	.	.	.	.	
SC_373	96.7209	30.306165999999997	47.9005	99.56531008004703	99.3566169978467	8.203313	0	0	8.203313	.	.	.	.	.	.	97.43704317468725	47	26.033325924499984	23	30.306165999999997	
SC_373.raw	.	.	.	.	.	.	.	.	.	.	.	.	.	.	30.438478999999997	.	.	.	.	.	
SC_373_mature	.	.	.	.	.	.	.	.	.	0.23302370000000003	0	10.899376	35.81750141996591	30.430308	.	.	.	.	.	.	
SC_373_mature_hairpin	.	.	.	.	.	.	.	.	.	3.09637	0	4.06907	20.49510362315366	19.853863999999998	.	.	.	.	.	.	
SC_373_mature_hairpin_genome	.	.	.	.	.	.	.	.	.	3.434816	0	5.364364999999999	33.66817625484347	15.933043	.	.	.	.	.	.	
SC_375	98.6327	27.330112	46.4502	99.4490516008921	99.48235397887912	11.476586	0	0	11.476586	.	.	.	.	.	.	99.07313248118908	46	24.625945257743545	22	27.330112	
SC_375.raw	.	.	.	.	.	.	.	.	.	.	.	.	.	.	27.481520999999997	.	.	.	.	.	
SC_375_mature	.	.	.	.	.	.	.	.	.	0.190697	0	14.945565	54.43963481036983	27.453463	.	.	.	.	.	.	
SC_375_mature_hairpin	.	.	.	.	.	.	.	.	.	3.388071	0	3.585422	28.022922788387977	12.794604	.	.	.	.	.	.	
SC_375_mature_hairpin_genome	.	.	.	.	.	.	.	.	.	3.408414	0	4.917428999999999	53.07663837562742	9.264771	.	.	.	.	.	.	
SC_380	98.7932	25.402217	45.343	99.62034236131215	99.52906436504672	13.363299	0	0	13.363299	.	.	.	.	.	.	99.21730767883075	45	23.991106366818297	22	25.402217	
SC_380.raw	.	.	.	.	.	.	.	.	.	.	.	.	.	.	25.499025999999997	.	.	.	.	.	
SC_380_mature	.	.	.	.	.	.	.	.	.	0.1711658	0	16.180366	63.504736117690065	25.478991	.	.	.	.	.	.	
SC_380_mature_hairpin	.	.	.	.	.	.	.	.	.	3.381411	0	3.235044	33.84482437547471	9.55846	.	.	.	.	.	.	
SC_380_mature_hairpin_genome	.	.	.	.	.	.	.	.	.	3.4426680000000003	0	3.221221	50.570722329892845	6.3697349999999995	.	.	.	.	.	.	
SC_387	98.4182	28.574932	47.7321	99.58714886036657	96.95771775753393	9.259513	0	0	9.259513	.	.	.	.	.	.	98.88996291632083	47	26.89659110999809	24	28.574932	
SC_387.raw	.	.	.	.	.	.	.	.	.	.	.	.	.	.	28.693393	.	.	.	.	.	
SC_387_mature	.	.	.	.	.	.	.	.	.	0.1762493	0	11.167772	38.99532608708936	28.638745	.	.	.	.	.	.	
SC_387_mature_hairpin	.	.	.	.	.	.	.	.	.	3.3705789999999998	0	2.9525569999999997	16.700677318881752	17.679265	.	.	.	.	.	.	
SC_387_mature_hairpin_genome	.	.	.	.	.	.	.	.	.	3.360909	0	7.490021	50.69095160252667	14.775853999999999	.	.	.	.	.	.	
SC_390	98.7411	23.463711	48.409200000000006	99.48121079757534	99.44433734263436	7.127285	0	0	7.127285	.	.	.	.	.	.	99.15845153698683	48	26.751860905548998	29	23.463711	
SC_390.raw	.	.	.	.	.	.	.	.	.	.	.	.	.	.	23.586073	.	.	.	.	.	
SC_390_mature	.	.	.	.	.	.	.	.	.	0.1862266	0	8.992467	38.22590917210093	23.524534	.	.	.	.	.	.	
SC_390_mature_hairpin	.	.	.	.	.	.	.	.	.	3.359332	0	1.923806	13.086849457960003	14.700299	.	.	.	.	.	.	
SC_390_mature_hairpin_genome	.	.	.	.	.	.	.	.	.	3.362523	0	8.45247	65.89992998716691	12.82622	.	.	.	.	.	.	
SC_394	98.7137	27.421844	45.12	99.0269683726171	99.43932548607614	14.902769999999999	0	0	14.902769999999999	.	.	.	.	.	.	99.21685179194994	45	23.91523545973057	22	27.421844	
SC_394.raw	.	.	.	.	.	.	.	.	.	.	.	.	.	.	27.691288999999998	.	.	.	.	.	
SC_394_mature	.	.	.	.	.	.	.	.	.	0.160768	0	17.895588999999998	65.00802665593733	27.528275999999998	.	.	.	.	.	.	
SC_394_mature_hairpin	.	.	.	.	.	.	.	.	.	3.2566909999999996	0	3.180039	32.10291178924596	9.905764999999999	.	.	.	.	.	.	
SC_394_mature_hairpin_genome	.	.	.	.	.	.	.	.	.	3.4506340000000004	0	3.7401959999999996	55.15226388179041	6.781581999999999	.	.	.	.	.	.	
SC_398	98.6278	33.050345	46.0503	99.47004538254637	99.31829269650697	13.860413	0	0	13.860413	.	.	.	.	.	.	99.06674236476297	46	24.38773613407061	22	33.050345	
SC_398.raw	.	.	.	.	.	.	.	.	.	.	.	.	.	.	33.22643	.	.	.	.	.	
SC_398_mature	.	.	.	.	.	.	.	.	.	0.33679539999999997	0	18.207151	54.86553880905372	33.18504	.	.	.	.	.	.	
SC_398_mature_hairpin	.	.	.	.	.	.	.	.	.	3.518583	0	5.4697629999999995	35.50076978998924	15.407449	.	.	.	.	.	.	
SC_398_mature_hairpin_genome	.	.	.	.	.	.	.	.	.	3.5076009999999997	0	4.324574	43.28461824410686	9.991018	.	.	.	.	.	.	
SC_400	97.65899999999999	28.983781999999998	46.7075	99.33284660420755	99.18999116025606	10.845487	0	0	10.845487	.	.	.	.	.	.	98.27546036235009	46	24.709594110251036	22	28.983781999999998	
SC_400.raw	.	.	.	.	.	.	.	.	.	.	.	.	.	.	29.178447	.	.	.	.	.	
SC_400_mature	.	.	.	.	.	.	.	.	.	0.2309762	0	14.697932999999999	50.3928935616185	29.166677999999997	.	.	.	.	.	.	
SC_400_mature_hairpin	.	.	.	.	.	.	.	.	.	3.190189	0	4.497625	30.15559519422681	14.914728	.	.	.	.	.	.	
SC_400_mature_hairpin_genome	.	.	.	.	.	.	.	.	.	3.453694	0	4.330659	41.18846886953717	10.514251	.	.	.	.	.	.	
SC_403	98.2534	25.267639	45.7376	99.39468605318194	99.36146616573149	10.142921999999999	0	0	10.142921999999999	.	.	.	.	.	.	98.79246734850568	45	24.051365859706955	22	25.267639	
SC_403.raw	.	.	.	.	.	.	.	.	.	.	.	.	.	.	25.421519	.	.	.	.	.	
SC_403_mature	.	.	.	.	.	.	.	.	.	0.2550307	0	13.969652	54.863693315546634	25.462470999999997	.	.	.	.	.	.	
SC_403_mature_hairpin	.	.	.	.	.	.	.	.	.	3.222316	0	5.223502	43.74536563942912	11.940698	.	.	.	.	.	.	
SC_403_mature_hairpin_genome	.	.	.	.	.	.	.	.	.	3.539822	0	2.558149	37.84783246489108	6.759036999999999	.	.	.	.	.	.	
SC_408	98.5933	22.724344	48.396899999999995	99.3259886947371	99.53616811696267	6.81311	0	0	6.81311	.	.	.	.	.	.	99.05213055854406	48	26.03578954798431	23	22.724344	
SC_408.raw	.	.	.	.	.	.	.	.	.	.	.	.	.	.	22.878548	.	.	.	.	.	
SC_408_mature	.	.	.	.	.	.	.	.	.	0.205376	0	8.876025	38.925070283980745	22.802849	.	.	.	.	.	.	
SC_408_mature_hairpin	.	.	.	.	.	.	.	.	.	3.273479	0	2.790714	19.75373186306904	14.127528	.	.	.	.	.	.	
SC_408_mature_hairpin_genome	.	.	.	.	.	.	.	.	.	3.342887	0	6.583428	57.84471071177845	11.38121	.	.	.	.	.	.	
SC_409	97.95230000000001	24.669024	47.6483	99.37352723874918	99.31728451154166	8.04987	0	0	8.04987	.	.	.	.	.	.	98.53532834659904	47	25.105670779679002	22	24.669024	
SC_409.raw	.	.	.	.	.	.	.	.	.	.	.	.	.	.	24.824543	.	.	.	.	.	
SC_409_mature	.	.	.	.	.	.	.	.	.	0.24501309999999998	0	11.038048	44.48229690462107	24.814474	.	.	.	.	.	.	
SC_409_mature_hairpin	.	.	.	.	.	.	.	.	.	3.073309	0	3.999053	28.329139863905755	14.116394	.	.	.	.	.	.	
SC_409_mature_hairpin_genome	.	.	.	.	.	.	.	.	.	3.297705	0	4.5305599999999995	44.518871408247726	10.176718	.	.	.	.	.	.	
SC_410	98.5683	25.468605	46.821400000000004	99.35727885182104	99.45006810657176	10.324345	0	0	10.324345	.	.	.	.	.	.	99.03690560990033	46	25.052552151953357	22	25.468605	
SC_410.raw	.	.	.	.	.	.	.	.	.	.	.	.	.	.	25.633356	.	.	.	.	.	
SC_410_mature	.	.	.	.	.	.	.	.	.	0.20048729999999998	0	12.919955	50.53026654221785	25.568745	.	.	.	.	.	.	
SC_410_mature_hairpin	.	.	.	.	.	.	.	.	.	3.37409	0	2.900623	22.493283901129285	12.895507	.	.	.	.	.	.	
SC_410_mature_hairpin_genome	.	.	.	.	.	.	.	.	.	3.4061090000000003	0	5.421609	53.847418266099325	10.068465999999999	.	.	.	.	.	.	
SC_413	98.8815	35.024428	49.9182	99.72141325473402	99.50363692282566	7.710451	0	0	7.710451	.	.	.	.	.	.	99.21289515490163	49	28.05812957173776	31	35.024428	
SC_413.raw	.	.	.	.	.	.	.	.	.	.	.	.	.	.	35.122274	.	.	.	.	.	
SC_413_mature	.	.	.	.	.	.	.	.	.	0.2463238	0	9.149531999999999	26.087985962063794	35.071822	.	.	.	.	.	.	
SC_413_mature_hairpin	.	.	.	.	.	.	.	.	.	3.4608479999999995	0	2.075044	7.962006647117764	26.061822	.	.	.	.	.	.	
SC_413_mature_hairpin_genome	.	.	.	.	.	.	.	.	.	3.2908560000000002	0	15.273686	63.56363702344603	24.028968	.	.	.	.	.	.	
SC_414	98.7782	30.68537	49.1846	99.61891395753399	99.51762106993351	8.120674	0	0	8.120674	.	.	.	.	.	.	99.14471089871795	49	27.25412227390447	30	30.68537	
SC_414.raw	.	.	.	.	.	.	.	.	.	.	.	.	.	.	30.802754999999998	.	.	.	.	.	
SC_414_mature	.	.	.	.	.	.	.	.	.	0.1608529	0	9.773314	31.784545883093674	30.748635	.	.	.	.	.	.	
SC_414_mature_hairpin	.	.	.	.	.	.	.	.	.	3.314635	0	2.384522	11.274875185517152	21.148988	.	.	.	.	.	.	
SC_414_mature_hairpin_genome	.	.	.	.	.	.	.	.	.	3.289489	0	11.626154	61.78092283938087	18.818355999999998	.	.	.	.	.	.	
SC_417	98.8294	32.637091999999996	44.8668	99.64491314564489	99.58822589230826	16.948104	0	0	16.948104	.	.	.	.	.	.	99.12523523412668	44	23.95373564532036	22	32.637091999999996	
SC_417.raw	.	.	.	.	.	.	.	.	.	.	.	.	.	.	32.753395	.	.	.	.	.	
SC_417_mature	.	.	.	.	.	.	.	.	.	0.157114	0	20.566865	62.787845021350975	32.756125	.	.	.	.	.	.	
SC_417_mature_hairpin	.	.	.	.	.	.	.	.	.	3.570252	0	4.558184	36.26926687238579	12.567620999999999	.	.	.	.	.	.	
SC_417_mature_hairpin_genome	.	.	.	.	.	.	.	.	.	3.432065	0	3.840665	47.58312162097537	8.071486	.	.	.	.	.	.	
SC_421	98.967	26.397634	49.125	99.25667011025435	99.50601092485239	6.733314999999999	0	0	6.733314999999999	.	.	.	.	.	.	99.27868657255176	49	26.416521571592362	29	26.397634	
SC_421.raw	.	.	.	.	.	.	.	.	.	.	.	.	.	.	26.595325	.	.	.	.	.	
SC_421_mature	.	.	.	.	.	.	.	.	.	0.1769576	0	8.334983	31.500205346988412	26.460091	.	.	.	.	.	.	
SC_421_mature_hairpin	.	.	.	.	.	.	.	.	.	3.0834170000000003	0	1.9210539999999998	10.504119018985511	18.288577999999998	.	.	.	.	.	.	
SC_421_mature_hairpin_genome	.	.	.	.	.	.	.	.	.	3.2864160000000004	0	12.039297	73.31495318378117	16.421339	.	.	.	.	.	.	
SC_428	98.8682	30.264592999999998	48.9209	99.74192973453195	99.6176700189392	7.627732	0	0	7.627732	.	.	.	.	.	.	99.16440468077063	48	26.810365432636083	29	30.264592999999998	
SC_428.raw	.	.	.	.	.	.	.	.	.	.	.	.	.	.	30.342899	.	.	.	.	.	
SC_428_mature	.	.	.	.	.	.	.	.	.	0.2519649	0	10.167817	33.45298386048723	30.39435	.	.	.	.	.	.	
SC_428_mature_hairpin	.	.	.	.	.	.	.	.	.	3.16576	0	3.667182	17.8574647680746	20.535849	.	.	.	.	.	.	
SC_428_mature_hairpin_genome	.	.	.	.	.	.	.	.	.	3.273775	0	9.835882999999999	58.149666939032166	16.914771	.	.	.	.	.	.	
SC_429	98.5171	26.412990999999998	45.1753	99.37994837568681	99.18464242338912	13.928348999999999	0	0	13.928348999999999	.	.	.	.	.	.	98.8377713965465	45	23.419564864880314	22	26.412990999999998	
SC_429.raw	.	.	.	.	.	.	.	.	.	.	.	.	.	.	26.577786999999997	.	.	.	.	.	
SC_429_mature	.	.	.	.	.	.	.	.	.	0.1842268	0	17.580500999999998	66.27060615973384	26.528354	.	.	.	.	.	.	
SC_429_mature_hairpin	.	.	.	.	.	.	.	.	.	3.44813	0	3.79987	41.079777819988095	9.249977	.	.	.	.	.	.	
SC_429_mature_hairpin_genome	.	.	.	.	.	.	.	.	.	3.56933	0	2.465541	44.77844437312945	5.506088999999999	.	.	.	.	.	.	
SC_433	98.4469	22.889982	45.6276	99.51710904353418	99.205384171124	11.573417	0	0	11.573417	.	.	.	.	.	.	98.75803531860254	45	24.10749925447735	22	22.889982	
SC_433.raw	.	.	.	.	.	.	.	.	.	.	.	.	.	.	23.001051999999998	.	.	.	.	.	
SC_433_mature	.	.	.	.	.	.	.	.	.	0.17152219999999999	0	13.979932	60.862967059696196	22.969521	.	.	.	.	.	.	
SC_433_mature_hairpin	.	.	.	.	.	.	.	.	.	3.464622	0	2.852106	30.9531445196575	9.214269	.	.	.	.	.	.	
SC_433_mature_hairpin_genome	.	.	.	.	.	.	.	.	.	3.391164	0	3.412034	53.287719583197976	6.40304	.	.	.	.	.	.	
SC_439	98.60130000000001	26.919537	48.3696	99.68054649577603	99.4027581029977	8.183854	0	0	8.183854	.	.	.	.	.	.	98.89085740039502	48	26.6703967085318	26	26.919537	
SC_439.raw	.	.	.	.	.	.	.	.	.	.	.	.	.	.	27.005808	.	.	.	.	.	
SC_439_mature	.	.	.	.	.	.	.	.	.	0.1830629	0	10.058850999999999	37.26601097916885	26.992024999999998	.	.	.	.	.	.	
SC_439_mature_hairpin	.	.	.	.	.	.	.	.	.	3.411661	0	2.826157	16.492297252883716	17.136224	.	.	.	.	.	.	
SC_439_mature_hairpin_genome	.	.	.	.	.	.	.	.	.	3.324848	0	9.000706	62.73566546725483	14.347031999999999	.	.	.	.	.	.	
SC_443	98.6318	25.759967	47.2997	99.55826759426027	99.41387700255953	9.229231	0	0	9.229231	.	.	.	.	.	.	99.07329940100483	47	25.052560859258865	22	25.759967	
SC_443.raw	.	.	.	.	.	.	.	.	.	.	.	.	.	.	25.874261999999998	.	.	.	.	.	
SC_443_mature	.	.	.	.	.	.	.	.	.	0.20453049999999998	0	12.034498	46.466994277467755	25.899023999999997	.	.	.	.	.	.	
SC_443_mature_hairpin	.	.	.	.	.	.	.	.	.	3.351577	0	3.974281	28.079145657369764	14.153853	.	.	.	.	.	.	
SC_443_mature_hairpin_genome	.	.	.	.	.	.	.	.	.	3.8026030000000004	0	5.4689369999999995	53.52916810466585	10.216742	.	.	.	.	.	.	
SC_457	98.9046	28.462132999999998	47.932399999999994	99.35477990708196	99.42251831249582	9.766407	0	0	9.766407	.	.	.	.	.	.	99.28205648497652	47	25.805806753836755	23	28.462132999999998	
SC_457.raw	.	.	.	.	.	.	.	.	.	.	.	.	.	.	28.646969	.	.	.	.	.	
SC_457_mature	.	.	.	.	.	.	.	.	.	0.1793817	0	12.335871	43.21282972064904	28.546778999999997	.	.	.	.	.	.	
SC_457_mature_hairpin	.	.	.	.	.	.	.	.	.	3.115479	0	2.90924	17.712540716761115	16.424747	.	.	.	.	.	.	
SC_457_mature_hairpin_genome	.	.	.	.	.	.	.	.	.	3.335882	0	9.385631	69.20061010411392	13.562930999999999	.	.	.	.	.	.	
SC_458	98.3518	24.917568	46.138400000000004	96.42835830795521	99.37830145533573	11.229082	0	0	11.229082	.	.	.	.	.	.	99.04891948534211	46	22.661076715030937	22	24.917568	
SC_458.raw	.	.	.	.	.	.	.	.	.	.	.	.	.	.	25.840498	.	.	.	.	.	
SC_458_mature	.	.	.	.	.	.	.	.	.	0.2217429	0	15.408741	61.42590217048082	25.085086999999998	.	.	.	.	.	.	
SC_458_mature_hairpin	.	.	.	.	.	.	.	.	.	3.5541929999999997	0	5.505377999999999	55.24950690315512	9.964573999999999	.	.	.	.	.	.	
SC_458_mature_hairpin_genome	.	.	.	.	.	.	.	.	.	3.592653	0	1.375038	30.2435273491808	4.546552999999999	.	.	.	.	.	.	
SC_459	98.69449999999999	21.81261	45.4685	98.85211575996829	99.38900296887945	10.040369	0	0	10.040369	.	.	.	.	.	.	99.14195939768379	45	23.726172842222915	22	21.81261	
SC_459.raw	.	.	.	.	.	.	.	.	.	.	.	.	.	.	22.065901	.	.	.	.	.	
SC_459_mature	.	.	.	.	.	.	.	.	.	0.25384029999999996	0	13.242431999999999	60.404001185233625	21.923104	.	.	.	.	.	.	
SC_459_mature_hairpin	.	.	.	.	.	.	.	.	.	3.201455	0	3.5825479999999996	39.98062207340467	8.960711	.	.	.	.	.	.	
SC_459_mature_hairpin_genome	.	.	.	.	.	.	.	.	.	3.3857869999999997	0	2.783611	51.33337906773375	5.422613999999999	.	.	.	.	.	.	
SC_460	98.83659999999999	24.511017	45.8971	99.40245825746487	99.50441961653493	9.603698999999999	0	0	9.603698999999999	.	.	.	.	.	.	99.1872813664987	45	24.618675879503492	22	24.511017	
SC_460.raw	.	.	.	.	.	.	.	.	.	.	.	.	.	.	24.658361	.	.	.	.	.	
SC_460_mature	.	.	.	.	.	.	.	.	.	0.24450499999999997	0	13.237347999999999	53.72969547221608	24.636931	.	.	.	.	.	.	
SC_460_mature_hairpin	.	.	.	.	.	.	.	.	.	2.8875189999999997	0	3.835718	32.67532075451125	11.738883999999999	.	.	.	.	.	.	
SC_460_mature_hairpin_genome	.	.	.	.	.	.	.	.	.	3.2833550000000002	0	5.23003	65.87858030080517	7.938892999999999	.	.	.	.	.	.	
SC_461	98.87129999999999	26.617556999999998	46.8572	99.18326893716342	99.53787235193722	9.071963	0	0	9.071963	.	.	.	.	.	.	99.25869739984134	46	24.967217840465224	22	26.617556999999998	
SC_461.raw	.	.	.	.	.	.	.	.	.	.	.	.	.	.	26.836741	.	.	.	.	.	
SC_461_mature	.	.	.	.	.	.	.	.	.	0.2233943	0	12.790056	47.78758105965639	26.764393	.	.	.	.	.	.	
SC_461_mature_hairpin	.	.	.	.	.	.	.	.	.	2.871498	0	3.469039	24.289258359044837	14.282193999999999	.	.	.	.	.	.	
SC_461_mature_hairpin_genome	.	.	.	.	.	.	.	.	.	3.344981	0	7.5639899999999995	69.5974878622888	10.868193999999999	.	.	.	.	.	.	
SC_471	98.4311	27.274808999999998	45.7831	98.93266952644237	99.49783202634896	9.032772999999999	0	0	9.032772999999999	.	.	.	.	.	.	98.92010423420963	45	23.858866142747324	22	27.274808999999998	
SC_471.raw	.	.	.	.	.	.	.	.	.	.	.	.	.	.	27.569062	.	.	.	.	.	
SC_471_mature	.	.	.	.	.	.	.	.	.	0.3294938	0	13.664245999999999	49.29966084724185	27.716714	.	.	.	.	.	.	
SC_471_mature_hairpin	.	.	.	.	.	.	.	.	.	3.362101	0	8.164995	55.14621184465711	14.806085	.	.	.	.	.	.	
SC_471_mature_hairpin_genome	.	.	.	.	.	.	.	.	.	3.096575	0	3.453391	51.48308309543924	6.7078169999999995	.	.	.	.	.	.	
SC_472	97.75160000000001	24.762283	45.4842	98.09942751821902	99.42485995379293	7.309265	0	0	7.309265	.	.	.	.	.	.	98.48881791823851	45	23.695076176942166	22	24.762283	
SC_472.raw	.	.	.	.	.	.	.	.	.	.	.	.	.	.	25.242026	.	.	.	.	.	
SC_472_mature	.	.	.	.	.	.	.	.	.	0.3684359	0	12.218247	48.67076292686938	25.103873999999998	.	.	.	.	.	.	
SC_472_mature_hairpin	.	.	.	.	.	.	.	.	.	3.5684340000000003	0	7.331665	54.11157531366146	13.549161999999999	.	.	.	.	.	.	
SC_472_mature_hairpin_genome	.	.	.	.	.	.	.	.	.	3.061624	0	3.511799	55.8564781715436	6.287183	.	.	.	.	.	.	
SC_473	98.6683	29.963527	44.6959	97.28825962439723	99.5170771449244	15.947308999999999	0	0	15.947308999999999	.	.	.	.	.	.	99.22243226259887	44	22.82144515230133	22	29.963527	
SC_473.raw	.	.	.	.	.	.	.	.	.	.	.	.	.	.	30.798707999999998	.	.	.	.	.	
SC_473_mature	.	.	.	.	.	.	.	.	.	0.1747095	0	20.467672	67.89950181906437	30.144067999999997	.	.	.	.	.	.	
SC_473_mature_hairpin	.	.	.	.	.	.	.	.	.	3.254751	0	5.073951	50.626501523299694	10.022321999999999	.	.	.	.	.	.	
SC_473_mature_hairpin_genome	.	.	.	.	.	.	.	.	.	3.493905	0	2.392675	47.5163147274312	5.035481	.	.	.	.	.	.	
SC_479	98.7582	28.985439999999997	47.586800000000004	99.50002895532185	99.23469385127991	11.020415	0	0	11.020415	.	.	.	.	.	.	99.13057204849375	47	25.47140098615029	22	28.985439999999997	
SC_479.raw	.	.	.	.	.	.	.	.	.	.	.	.	.	.	29.131086999999997	.	.	.	.	.	
SC_479_mature	.	.	.	.	.	.	.	.	.	0.1952884	0	13.487646999999999	46.3978224100949	29.069568999999998	.	.	.	.	.	.	
SC_479_mature_hairpin	.	.	.	.	.	.	.	.	.	3.48367	0	3.43153	21.76131354871064	15.768946999999999	.	.	.	.	.	.	
SC_479_mature_hairpin_genome	.	.	.	.	.	.	.	.	.	3.214252	0	8.108405	65.44334034277102	12.389961999999999	.	.	.	.	.	.	
SC_484	98.7019	22.390397999999998	45.1813	99.26364002918007	99.55276739582104	12.905857	0	0	12.905857	.	.	.	.	.	.	99.13320436511746	45	23.09413419091523	22	22.390397999999998	
SC_484.raw	.	.	.	.	.	.	.	.	.	.	.	.	.	.	22.556494999999998	.	.	.	.	.	
SC_484_mature	.	.	.	.	.	.	.	.	.	0.2317356	0	15.650927999999999	69.61381789268827	22.482502	.	.	.	.	.	.	
SC_484_mature_hairpin	.	.	.	.	.	.	.	.	.	3.350298	0	2.8202059999999998	40.22983537641748	7.010235	.	.	.	.	.	.	
SC_484_mature_hairpin_genome	.	.	.	.	.	.	.	.	.	3.5156979999999995	0	1.432239	33.609785573905135	4.261375	.	.	.	.	.	.	
SC_485	98.8392	24.040278999999998	43.913799999999995	99.6018994740136	99.50642114061412	14.086936	0	0	14.086936	.	.	.	.	.	.	99.25177117090334	43	22.747289704915655	22	24.040278999999998	
SC_485.raw	.	.	.	.	.	.	.	.	.	.	.	.	.	.	24.136366	.	.	.	.	.	
SC_485_mature	.	.	.	.	.	.	.	.	.	0.1815165	0	17.333731	71.70852197068369	24.172483999999997	.	.	.	.	.	.	
SC_485_mature_hairpin	.	.	.	.	.	.	.	.	.	3.4810529999999997	0	3.8701	54.368822379258674	7.118233999999999	.	.	.	.	.	.	
SC_485_mature_hairpin_genome	.	.	.	.	.	.	.	.	.	3.646426	0	0.876498	26.706459839669467	3.28197	.	.	.	.	.	.	
SC_486	98.6913	23.841295	47.1237	99.42574326297898	99.58391502296426	8.954426999999999	0	0	8.954426999999999	.	.	.	.	.	.	99.11717734577996	47	24.73536609483671	22	23.841295	
SC_486.raw	.	.	.	.	.	.	.	.	.	.	.	.	.	.	23.978996	.	.	.	.	.	
SC_486_mature	.	.	.	.	.	.	.	.	.	0.192384	0	11.412196999999999	47.64462515950153	23.952748	.	.	.	.	.	.	
SC_486_mature_hairpin	.	.	.	.	.	.	.	.	.	3.519214	0	3.940979	30.80118040818777	12.794896	.	.	.	.	.	.	
SC_486_mature_hairpin_genome	.	.	.	.	.	.	.	.	.	3.435474	0	5.2481979999999995	59.053779895692095	8.88715	.	.	.	.	.	.	
SC_487	99.0885	32.792849	46.0082	99.44707197638175	99.55107141498979	15.346509999999999	0	0	15.346509999999999	.	.	.	.	.	.	99.41563616761884	46	23.777251741683074	22	32.792849	
SC_487.raw	.	.	.	.	.	.	.	.	.	.	.	.	.	.	32.975178	.	.	.	.	.	
SC_487_mature	.	.	.	.	.	.	.	.	.	0.2056333	0	19.747408	59.954028806546	32.937583	.	.	.	.	.	.	
SC_487_mature_hairpin	.	.	.	.	.	.	.	.	.	3.350566	0	4.927556	36.48291652707313	13.506475	.	.	.	.	.	.	
SC_487_mature_hairpin_genome	.	.	.	.	.	.	.	.	.	3.3394479999999995	0	4.278599	49.43416892495735	8.655145	.	.	.	.	.	.	
SC_488	98.9948	27.451043	50.8895	99.76317956904452	99.56768024023079	4.115716	0	0	4.115716	.	.	.	.	.	.	99.26503336447753	50	28.130011307767067	30	27.451043	
SC_488.raw	.	.	.	.	.	.	.	.	.	.	.	.	.	.	27.516206999999998	.	.	.	.	.	
SC_488_mature	.	.	.	.	.	.	.	.	.	0.1483341	0	4.87062	17.722428739253008	27.482802	.	.	.	.	.	.	
SC_488_mature_hairpin	.	.	.	.	.	.	.	.	.	3.2313090000000004	0	1.432302	6.31174132957529	22.69266	.	.	.	.	.	.	
SC_488_mature_hairpin_genome	.	.	.	.	.	.	.	.	.	3.373057	0	12.744195	59.839534460804224	21.297283	.	.	.	.	.	.	
SC_491	98.9071	30.005945999999998	47.6877	99.70685348116974	99.5290549005412	11.019641	0	0	11.019641	.	.	.	.	.	.	99.25800403170109	47	25.776422146463904	23	30.005945999999998	
SC_491.raw	.	.	.	.	.	.	.	.	.	.	.	.	.	.	30.094165999999998	.	.	.	.	.	
SC_491_mature	.	.	.	.	.	.	.	.	.	0.1834513	0	13.351633	44.37201078064782	30.090214	.	.	.	.	.	.	
SC_491_mature_hairpin	.	.	.	.	.	.	.	.	.	3.493728	0	3.153686	18.6140490213253	16.942504	.	.	.	.	.	.	
SC_491_mature_hairpin_genome	.	.	.	.	.	.	.	.	.	3.3669219999999997	0	9.05012	65.45095835566231	13.82733	.	.	.	.	.	.	
SC_492	98.23819999999999	25.902175	46.385799999999996	99.27849376432015	99.53738956817827	10.912422999999999	0	0	10.912422999999999	.	.	.	.	.	.	98.80305696504034	46	23.845883444150925	22	25.902175	
SC_492.raw	.	.	.	.	.	.	.	.	.	.	.	.	.	.	26.090418999999997	.	.	.	.	.	
SC_492_mature	.	.	.	.	.	.	.	.	.	0.2250733	0	14.407143999999999	55.298993105485486	26.053176	.	.	.	.	.	.	
SC_492_mature_hairpin	.	.	.	.	.	.	.	.	.	3.5456679999999996	0	4.691936999999999	39.33261250518909	11.928872	.	.	.	.	.	.	
SC_492_mature_hairpin_genome	.	.	.	.	.	.	.	.	.	3.47847	0	2.893437	39.589229032405036	7.308647	.	.	.	.	.	.	
SC_496	98.8065	29.864732	46.9126	99.53921246894726	99.61002209713688	11.72294	0	0	11.72294	.	.	.	.	.	.	99.2085387119773	46	25.256259389838153	22	29.864732	
SC_496.raw	.	.	.	.	.	.	.	.	.	.	.	.	.	.	30.002982	.	.	.	.	.	
SC_496_mature	.	.	.	.	.	.	.	.	.	0.1854335	0	14.490642999999999	48.339529125158734	29.976798	.	.	.	.	.	.	
SC_496_mature_hairpin	.	.	.	.	.	.	.	.	.	3.4408130000000003	0	3.9030509999999996	24.744003081073114	15.773724999999999	.	.	.	.	.	.	
SC_496_mature_hairpin_genome	.	.	.	.	.	.	.	.	.	3.3722000000000003	0	7.165355	60.08450657928389	11.925462	.	.	.	.	.	.	
SC_497	98.74589999999999	27.108752	44.8566	98.83864892321255	99.25590868857242	14.803858	0	0	14.803858	.	.	.	.	.	.	99.19017647396923	44	23.330226009666546	22	27.108752	
SC_497.raw	.	.	.	.	.	.	.	.	.	.	.	.	.	.	27.427279	.	.	.	.	.	
SC_497_mature	.	.	.	.	.	.	.	.	.	0.1856449	0	18.023058	66.17591464417644	27.235072	.	.	.	.	.	.	
SC_497_mature_hairpin	.	.	.	.	.	.	.	.	.	3.3927069999999997	0	4.111775	43.20803368729711	9.516228	.	.	.	.	.	.	
SC_497_mature_hairpin_genome	.	.	.	.	.	.	.	.	.	3.5720349999999996	0	2.735429	50.10026723888622	5.459909	.	.	.	.	.	.	
SC_498	98.5228	26.076931	45.7399	99.10633795772526	99.26775436005192	12.914823	0	0	12.914823	.	.	.	.	.	.	99.0242108069303	45	23.568162334747136	22	26.076931	
SC_498.raw	.	.	.	.	.	.	.	.	.	.	.	.	.	.	26.312072	.	.	.	.	.	
SC_498_mature	.	.	.	.	.	.	.	.	.	0.1835372	0	15.766696	60.162412263524004	26.206888	.	.	.	.	.	.	
SC_498_mature_hairpin	.	.	.	.	.	.	.	.	.	3.543834	0	4.61752	43.2438669130456	10.677861	.	.	.	.	.	.	
SC_498_mature_hairpin_genome	.	.	.	.	.	.	.	.	.	3.52257	0	2.7445969999999997	44.87550328849212	6.116025	.	.	.	.	.	.	
